Id,MSSubClass,LotArea,OverallCond,YearBuilt,TotalBsmtSF,SalePrice,LotConfig_CulDSac,LotConfig_FR2,LotConfig_FR3,LotConfig_Inside,BldgType_2fmCon,BldgType_Duplex,BldgType_Twnhs,BldgType_TwnhsE
1,60,8450,5,2003,856.0,208500.0,0.0,0.0,0.0,1.0,0.0,0.0,0.0,0.0
2,20,9600,8,1976,1262.0,181500.0,0.0,1.0,0.0,0.0,0.0,0.0,0.0,0.0
3,60,11250,5,2001,920.0,223500.0,0.0,0.0,0.0,1.0,0.0,0.0,0.0,0.0
4,70,9550,5,1915,756.0,140000.0,0.0,0.0,0.0,0.0,0.0,0.0,0.0,0.0
5,60,14260,5,2000,1145.0,250000.0,0.0,1.0,0.0,0.0,0.0,0.0,0.0,0.0
6,50,14115,5,1993,796.0,143000.0,0.0,0.0,0.0,1.0,0.0,0.0,0.0,0.0
7,20,10084,5,2004,1686.0,307000.0,0.0,0.0,0.0,1.0,0.0,0.0,0.0,0.0
8,60,10382,6,1973,1107.0,200000.0,0.0,0.0,0.0,0.0,0.0,0.0,0.0,0.0
9,50,6120,5,1931,952.0,129900.0,0.0,0.0,0.0,1.0,0.0,0.0,0.0,0.0
10,190,7420,6,1939,991.0,118000.0,0.0,0.0,0.0,0.0,1.0,0.0,0.0,0.0
11,20,11200,5,1965,1040.0,129500.0,0.0,0.0,0.0,1.0,0.0,0.0,0.0,0.0
12,60,11924,5,2005,1175.0,345000.0,0.0,0.0,0.0,1.0,0.0,0.0,0.0,0.0
13,20,12968,6,1962,912.0,144000.0,0.0,0.0,0.0,1.0,0.0,0.0,0.0,0.0
14,20,10652,5,2006,1494.0,279500.0,0.0,0.0,0.0,1.0,0.0,0.0,0.0,0.0
15,20,10920,5,1960,1253.0,157000.0,0.0,0.0,0.0,0.0,0.0,0.0,0.0,0.0
16,45,6120,8,1929,832.0,132000.0,0.0,0.0,0.0,0.0,0.0,0.0,0.0,0.0
17,20,11241,7,1970,1004.0,149000.0,1.0,0.0,0.0,0.0,0.0,0.0,0.0,0.0
18,90,10791,5,1967,0.0,90000.0,0.0,0.0,0.0,1.0,0.0,1.0,0.0,0.0
19,20,13695,5,2004,1114.0,159000.0,0.0,0.0,0.0,1.0,0.0,0.0,0.0,0.0
20,20,7560,6,1958,1029.0,139000.0,0.0,0.0,0.0,1.0,0.0,0.0,0.0,0.0
21,60,14215,5,2005,1158.0,325300.0,0.0,0.0,0.0,0.0,0.0,0.0,0.0,0.0
22,45,7449,7,1930,637.0,139400.0,0.0,0.0,0.0,1.0,0.0,0.0,0.0,0.0
23,20,9742,5,2002,1777.0,230000.0,0.0,0.0,0.0,1.0,0.0,0.0,0.0,0.0
24,120,4224,7,1976,1040.0,129900.0,0.0,0.0,0.0,1.0,0.0,0.0,0.0,1.0
25,20,8246,8,1968,1060.0,154000.0,0.0,0.0,0.0,1.0,0.0,0.0,0.0,0.0
26,20,14230,5,2007,1566.0,256300.0,0.0,0.0,0.0,0.0,0.0,0.0,0.0,0.0
27,20,7200,7,1951,900.0,134800.0,0.0,0.0,0.0,0.0,0.0,0.0,0.0,0.0
28,20,11478,5,2007,1704.0,306000.0,0.0,0.0,0.0,1.0,0.0,0.0,0.0,0.0
29,20,16321,6,1957,1484.0,207500.0,1.0,0.0,0.0,0.0,0.0,0.0,0.0,0.0
30,30,6324,6,1927,520.0,68500.0,0.0,0.0,0.0,1.0,0.0,0.0,0.0,0.0
31,70,8500,4,1920,649.0,40000.0,0.0,0.0,0.0,1.0,0.0,0.0,0.0,0.0
32,20,8544,6,1966,1228.0,149350.0,1.0,0.0,0.0,0.0,0.0,0.0,0.0,0.0
33,20,11049,5,2007,1234.0,179900.0,0.0,0.0,0.0,0.0,0.0,0.0,0.0,0.0
34,20,10552,5,1959,1398.0,165500.0,0.0,0.0,0.0,1.0,0.0,0.0,0.0,0.0
35,120,7313,5,2005,1561.0,277500.0,0.0,0.0,0.0,1.0,0.0,0.0,0.0,1.0
36,60,13418,5,2004,1117.0,309000.0,0.0,0.0,0.0,1.0,0.0,0.0,0.0,0.0
37,20,10859,5,1994,1097.0,145000.0,0.0,0.0,0.0,0.0,0.0,0.0,0.0,0.0
38,20,8532,6,1954,1297.0,153000.0,0.0,0.0,0.0,1.0,0.0,0.0,0.0,0.0
39,20,7922,7,1953,1057.0,109000.0,0.0,0.0,0.0,1.0,0.0,0.0,0.0,0.0
40,90,6040,5,1955,0.0,82000.0,0.0,0.0,0.0,1.0,0.0,1.0,0.0,0.0
41,20,8658,5,1965,1088.0,160000.0,0.0,0.0,0.0,1.0,0.0,0.0,0.0,0.0
42,20,16905,6,1959,1350.0,170000.0,0.0,0.0,0.0,1.0,0.0,0.0,0.0,0.0
43,85,9180,7,1983,840.0,144000.0,1.0,0.0,0.0,0.0,0.0,0.0,0.0,0.0
44,20,9200,6,1975,938.0,130250.0,1.0,0.0,0.0,0.0,0.0,0.0,0.0,0.0
45,20,7945,6,1959,1150.0,141000.0,0.0,0.0,0.0,1.0,0.0,0.0,0.0,0.0
46,120,7658,5,2005,1752.0,319900.0,0.0,0.0,0.0,1.0,0.0,0.0,0.0,1.0
47,50,12822,5,2003,1434.0,239686.0,1.0,0.0,0.0,0.0,0.0,0.0,0.0,0.0
48,20,11096,5,2006,1656.0,249700.0,0.0,0.0,0.0,1.0,0.0,0.0,0.0,0.0
49,190,4456,5,1920,736.0,113000.0,0.0,0.0,0.0,1.0,1.0,0.0,0.0,0.0
50,20,7742,7,1966,955.0,127000.0,0.0,0.0,0.0,1.0,0.0,0.0,0.0,0.0
51,60,13869,6,1997,794.0,177000.0,0.0,0.0,0.0,0.0,0.0,0.0,0.0,0.0
52,50,6240,6,1934,816.0,114500.0,0.0,0.0,0.0,1.0,0.0,0.0,0.0,0.0
53,90,8472,5,1963,816.0,110000.0,0.0,0.0,0.0,0.0,0.0,1.0,0.0,0.0
54,20,50271,5,1981,1842.0,385000.0,0.0,0.0,0.0,1.0,0.0,0.0,0.0,0.0
55,80,7134,5,1955,384.0,130000.0,0.0,0.0,0.0,1.0,0.0,0.0,0.0,0.0
56,20,10175,5,1964,1425.0,180500.0,0.0,0.0,0.0,1.0,0.0,0.0,0.0,0.0
57,160,2645,5,1999,970.0,172500.0,0.0,0.0,0.0,1.0,0.0,0.0,1.0,0.0
58,60,11645,5,2004,860.0,196500.0,0.0,0.0,0.0,0.0,0.0,0.0,0.0,0.0
59,60,13682,5,2006,1410.0,438780.0,1.0,0.0,0.0,0.0,0.0,0.0,0.0,0.0
60,20,7200,7,1972,780.0,124900.0,0.0,0.0,0.0,1.0,0.0,0.0,0.0,0.0
61,20,13072,5,2004,1158.0,158000.0,0.0,0.0,0.0,1.0,0.0,0.0,0.0,0.0
62,75,7200,7,1920,530.0,101000.0,0.0,0.0,0.0,1.0,0.0,0.0,0.0,0.0
63,120,6442,5,2006,1370.0,202500.0,0.0,0.0,0.0,1.0,0.0,0.0,0.0,1.0
64,70,10300,6,1921,576.0,140000.0,0.0,0.0,0.0,1.0,0.0,0.0,0.0,0.0
65,60,9375,5,1997,1057.0,219500.0,0.0,0.0,0.0,1.0,0.0,0.0,0.0,0.0
66,60,9591,5,2004,1143.0,317000.0,0.0,0.0,0.0,1.0,0.0,0.0,0.0,0.0
67,20,19900,5,1970,1947.0,180000.0,0.0,0.0,0.0,1.0,0.0,0.0,0.0,0.0
68,20,10665,5,2003,1453.0,226000.0,0.0,0.0,0.0,1.0,0.0,0.0,0.0,0.0
69,30,4608,6,1945,747.0,80000.0,0.0,0.0,0.0,0.0,0.0,0.0,0.0,0.0
70,50,15593,4,1953,1304.0,225000.0,0.0,0.0,0.0,0.0,0.0,0.0,0.0,0.0
71,20,13651,6,1973,2223.0,244000.0,0.0,0.0,0.0,1.0,0.0,0.0,0.0,0.0
72,20,7599,6,1982,845.0,129500.0,0.0,0.0,0.0,0.0,0.0,0.0,0.0,0.0
73,60,10141,5,1998,832.0,185000.0,0.0,0.0,0.0,0.0,0.0,0.0,0.0,0.0
74,20,10200,7,1954,1086.0,144900.0,0.0,0.0,0.0,1.0,0.0,0.0,0.0,0.0
75,50,5790,6,1915,840.0,107400.0,0.0,0.0,0.0,0.0,0.0,0.0,0.0,0.0
76,180,1596,5,1973,462.0,91000.0,0.0,0.0,0.0,1.0,0.0,0.0,1.0,0.0
77,20,8475,7,1956,952.0,135750.0,0.0,0.0,0.0,1.0,0.0,0.0,0.0,0.0
78,50,8635,5,1948,672.0,127000.0,0.0,0.0,0.0,1.0,0.0,0.0,0.0,0.0
79,90,10778,5,1968,1768.0,136500.0,0.0,0.0,0.0,1.0,0.0,1.0,0.0,0.0
80,50,10440,6,1910,440.0,110000.0,0.0,0.0,0.0,0.0,0.0,0.0,0.0,0.0
81,60,13000,6,1968,896.0,193500.0,0.0,0.0,0.0,0.0,0.0,0.0,0.0,0.0
82,120,4500,5,1998,1237.0,153500.0,0.0,1.0,0.0,0.0,0.0,0.0,0.0,1.0
83,20,10206,5,2007,1563.0,245000.0,0.0,0.0,0.0,1.0,0.0,0.0,0.0,0.0
84,20,8892,5,1960,1065.0,126500.0,0.0,0.0,0.0,1.0,0.0,0.0,0.0,0.0
85,80,8530,5,1995,384.0,168500.0,0.0,0.0,0.0,1.0,0.0,0.0,0.0,0.0
86,60,16059,5,1991,1288.0,260000.0,0.0,0.0,0.0,0.0,0.0,0.0,0.0,0.0
87,60,11911,5,2005,684.0,174000.0,0.0,0.0,0.0,1.0,0.0,0.0,0.0,0.0
88,160,3951,5,2009,612.0,164500.0,0.0,0.0,0.0,0.0,0.0,0.0,0.0,1.0
89,50,8470,2,1915,1013.0,85000.0,0.0,0.0,0.0,0.0,0.0,0.0,0.0,0.0
90,20,8070,5,1994,990.0,123600.0,0.0,0.0,0.0,1.0,0.0,0.0,0.0,0.0
91,20,7200,5,1950,0.0,109900.0,0.0,0.0,0.0,1.0,0.0,0.0,0.0,0.0
92,20,8500,3,1961,1235.0,98600.0,0.0,0.0,0.0,1.0,0.0,0.0,0.0,0.0
93,30,13360,7,1921,876.0,163500.0,0.0,0.0,0.0,1.0,0.0,0.0,0.0,0.0
94,190,7200,6,1910,1214.0,133900.0,0.0,0.0,0.0,0.0,1.0,0.0,0.0,0.0
95,60,9337,5,1997,824.0,204750.0,0.0,0.0,0.0,1.0,0.0,0.0,0.0,0.0
96,60,9765,8,1993,680.0,185000.0,0.0,0.0,0.0,0.0,0.0,0.0,0.0,0.0
97,20,10264,5,1999,1588.0,214000.0,0.0,0.0,0.0,1.0,0.0,0.0,0.0,0.0
98,20,10921,5,1965,960.0,94750.0,0.0,0.0,0.0,1.0,0.0,0.0,0.0,0.0
99,30,10625,5,1920,458.0,83000.0,0.0,0.0,0.0,0.0,0.0,0.0,0.0,0.0
100,20,9320,5,1959,950.0,128950.0,0.0,0.0,0.0,1.0,0.0,0.0,0.0,0.0
101,20,10603,7,1977,1610.0,205000.0,0.0,0.0,0.0,1.0,0.0,0.0,0.0,0.0
102,60,9206,5,1985,741.0,178000.0,0.0,0.0,0.0,1.0,0.0,0.0,0.0,0.0
103,90,7018,5,1979,0.0,118964.0,0.0,0.0,0.0,1.0,0.0,1.0,0.0,0.0
104,20,10402,5,2009,1226.0,198900.0,0.0,0.0,0.0,0.0,0.0,0.0,0.0,0.0
105,50,7758,4,1931,1040.0,169500.0,0.0,0.0,0.0,0.0,0.0,0.0,0.0,0.0
106,60,9375,5,2003,1053.0,250000.0,0.0,0.0,0.0,1.0,0.0,0.0,0.0,0.0
107,30,10800,7,1885,641.0,100000.0,0.0,0.0,0.0,1.0,0.0,0.0,0.0,0.0
108,20,6000,5,1948,789.0,115000.0,0.0,0.0,0.0,1.0,0.0,0.0,0.0,0.0
109,50,8500,7,1919,793.0,115000.0,0.0,0.0,0.0,0.0,0.0,0.0,0.0,0.0
110,20,11751,6,1977,1844.0,190000.0,0.0,0.0,0.0,1.0,0.0,0.0,0.0,0.0
111,50,9525,4,1954,994.0,136900.0,0.0,0.0,0.0,1.0,0.0,0.0,0.0,0.0
112,80,7750,5,2000,384.0,180000.0,0.0,0.0,0.0,1.0,0.0,0.0,0.0,0.0
113,60,9965,5,2007,1264.0,383970.0,0.0,0.0,0.0,1.0,0.0,0.0,0.0,0.0
114,20,21000,5,1953,1809.0,217000.0,0.0,0.0,0.0,0.0,0.0,0.0,0.0,0.0
115,70,7259,8,1945,1028.0,259500.0,0.0,0.0,0.0,1.0,0.0,0.0,0.0,0.0
116,160,3230,5,1999,729.0,176000.0,0.0,0.0,0.0,0.0,0.0,0.0,0.0,1.0
117,20,11616,5,1962,1092.0,139000.0,0.0,0.0,0.0,1.0,0.0,0.0,0.0,0.0
118,20,8536,5,2006,1125.0,155000.0,0.0,0.0,0.0,0.0,0.0,0.0,0.0,0.0
119,60,12376,5,1990,1673.0,320000.0,0.0,0.0,0.0,0.0,0.0,0.0,0.0,0.0
120,60,8461,5,2005,728.0,163990.0,0.0,0.0,0.0,1.0,0.0,0.0,0.0,0.0
121,80,21453,5,1969,938.0,180000.0,1.0,0.0,0.0,0.0,0.0,0.0,0.0,0.0
122,50,6060,5,1939,732.0,100000.0,0.0,0.0,0.0,1.0,0.0,0.0,0.0,0.0
123,20,9464,7,1958,1080.0,136000.0,0.0,0.0,0.0,0.0,0.0,0.0,0.0,0.0
124,120,7892,5,1993,1199.0,153900.0,0.0,0.0,0.0,1.0,0.0,0.0,0.0,1.0
125,20,17043,5,1979,1362.0,181000.0,1.0,0.0,0.0,0.0,0.0,0.0,0.0,0.0
126,190,6780,8,1935,520.0,84500.0,0.0,0.0,0.0,1.0,1.0,0.0,0.0,0.0
127,120,4928,5,1976,1078.0,128000.0,0.0,0.0,0.0,1.0,0.0,0.0,0.0,1.0
128,45,4388,7,1930,672.0,87000.0,0.0,0.0,0.0,1.0,0.0,0.0,0.0,0.0
129,60,7590,5,1966,660.0,155000.0,0.0,0.0,0.0,1.0,0.0,0.0,0.0,0.0
130,20,8973,7,1958,1008.0,150000.0,0.0,0.0,0.0,1.0,0.0,0.0,0.0,0.0
131,60,14200,6,1966,924.0,226000.0,0.0,0.0,0.0,0.0,0.0,0.0,0.0,0.0
132,60,12224,5,2000,992.0,244000.0,0.0,0.0,0.0,0.0,0.0,0.0,0.0,0.0
133,20,7388,6,1959,1063.0,150750.0,0.0,0.0,0.0,0.0,0.0,0.0,0.0,0.0
134,20,6853,5,2001,1267.0,220000.0,0.0,0.0,0.0,1.0,0.0,0.0,0.0,0.0
135,20,10335,6,1968,1461.0,180000.0,0.0,0.0,0.0,1.0,0.0,0.0,0.0,0.0
136,20,10400,6,1970,1304.0,174000.0,0.0,0.0,0.0,1.0,0.0,0.0,0.0,0.0
137,20,10355,5,1967,1214.0,143000.0,0.0,0.0,0.0,0.0,0.0,0.0,0.0,0.0
138,90,11070,5,1988,1907.0,171000.0,0.0,0.0,0.0,1.0,0.0,1.0,0.0,0.0
139,60,9066,5,1999,1004.0,230000.0,0.0,0.0,0.0,1.0,0.0,0.0,0.0,0.0
140,60,15426,5,1997,928.0,231500.0,0.0,0.0,0.0,1.0,0.0,0.0,0.0,0.0
141,20,10500,5,1971,864.0,115000.0,0.0,1.0,0.0,0.0,0.0,0.0,0.0,0.0
142,20,11645,5,2005,1734.0,260000.0,0.0,0.0,0.0,1.0,0.0,0.0,0.0,0.0
143,50,8520,4,1952,910.0,166000.0,0.0,0.0,0.0,0.0,0.0,0.0,0.0,0.0
144,20,10335,5,1999,1490.0,204000.0,0.0,0.0,0.0,1.0,0.0,0.0,0.0,0.0
145,90,9100,5,1963,1728.0,125000.0,0.0,0.0,0.0,1.0,0.0,1.0,0.0,0.0
146,160,2522,5,2004,970.0,130000.0,0.0,0.0,0.0,1.0,0.0,0.0,1.0,0.0
147,30,6120,7,1931,715.0,105000.0,0.0,0.0,0.0,0.0,0.0,0.0,0.0,0.0
148,60,9505,5,2001,884.0,222500.0,1.0,0.0,0.0,0.0,0.0,0.0,0.0,0.0
149,20,7500,5,2004,1080.0,141000.0,0.0,0.0,0.0,1.0,0.0,0.0,0.0,0.0
150,50,6240,4,1936,896.0,115000.0,0.0,0.0,0.0,1.0,0.0,0.0,0.0,0.0
151,20,10356,6,1975,969.0,122000.0,0.0,0.0,0.0,0.0,0.0,0.0,0.0,0.0
152,20,13891,5,2007,1710.0,372402.0,0.0,0.0,0.0,1.0,0.0,0.0,0.0,0.0
153,60,14803,5,1971,825.0,190000.0,1.0,0.0,0.0,0.0,0.0,0.0,0.0,0.0
154,20,13500,7,1960,1602.0,235000.0,0.0,0.0,0.0,1.0,0.0,0.0,0.0,0.0
155,30,11340,5,1923,1200.0,125000.0,0.0,0.0,0.0,0.0,0.0,0.0,0.0,0.0
156,50,9600,5,1924,572.0,79000.0,0.0,0.0,0.0,0.0,0.0,0.0,0.0,0.0
157,20,7200,7,1950,0.0,109500.0,0.0,0.0,0.0,1.0,0.0,0.0,0.0,0.0
158,60,12003,5,2009,774.0,269500.0,0.0,0.0,0.0,0.0,0.0,0.0,0.0,0.0
159,60,12552,5,2004,991.0,254900.0,0.0,0.0,0.0,0.0,0.0,0.0,0.0,0.0
160,60,19378,5,2005,1392.0,320000.0,0.0,0.0,0.0,0.0,0.0,0.0,0.0,0.0
161,20,11120,6,1984,1232.0,162500.0,1.0,0.0,0.0,0.0,0.0,0.0,0.0,0.0
162,60,13688,5,2003,1572.0,412500.0,0.0,0.0,0.0,1.0,0.0,0.0,0.0,0.0
163,20,12182,5,2005,1541.0,220000.0,0.0,0.0,0.0,0.0,0.0,0.0,0.0,0.0
164,45,5500,6,1956,882.0,103200.0,0.0,0.0,0.0,1.0,0.0,0.0,0.0,0.0
165,40,5400,7,1926,1149.0,152000.0,0.0,0.0,0.0,0.0,0.0,0.0,0.0,0.0
166,190,10106,7,1940,644.0,127500.0,0.0,0.0,0.0,1.0,1.0,0.0,0.0,0.0
167,20,10708,5,1955,1617.0,190000.0,0.0,0.0,0.0,1.0,0.0,0.0,0.0,0.0
168,60,10562,5,2007,1582.0,325624.0,0.0,0.0,0.0,1.0,0.0,0.0,0.0,0.0
169,60,8244,5,2004,840.0,183500.0,0.0,0.0,0.0,1.0,0.0,0.0,0.0,0.0
170,20,16669,6,1981,1686.0,228000.0,0.0,0.0,0.0,0.0,0.0,0.0,0.0,0.0
171,50,12358,6,1941,720.0,128500.0,0.0,0.0,0.0,1.0,0.0,0.0,0.0,0.0
172,20,31770,5,1960,1080.0,215000.0,0.0,0.0,0.0,0.0,0.0,0.0,0.0,0.0
173,160,5306,7,1987,1064.0,239000.0,0.0,0.0,0.0,1.0,0.0,0.0,0.0,1.0
174,20,10197,5,1961,1362.0,163000.0,0.0,0.0,0.0,1.0,0.0,0.0,0.0,0.0
175,20,12416,5,1986,1606.0,184000.0,0.0,0.0,0.0,1.0,0.0,0.0,0.0,0.0
176,20,12615,7,1950,1202.0,243000.0,0.0,0.0,0.0,0.0,0.0,0.0,0.0,0.0
177,60,10029,5,1988,1151.0,211000.0,0.0,0.0,0.0,0.0,0.0,0.0,0.0,0.0
178,50,13650,5,1958,1052.0,172500.0,0.0,0.0,0.0,1.0,0.0,0.0,0.0,0.0
179,20,17423,5,2008,2216.0,501837.0,1.0,0.0,0.0,0.0,0.0,0.0,0.0,0.0
180,30,8520,6,1923,968.0,100000.0,0.0,0.0,0.0,1.0,0.0,0.0,0.0,0.0
181,160,2117,5,2000,756.0,177000.0,0.0,0.0,0.0,1.0,0.0,0.0,1.0,0.0
182,70,7588,6,1920,793.0,200100.0,0.0,0.0,0.0,1.0,0.0,0.0,0.0,0.0
183,20,9060,6,1957,0.0,120000.0,0.0,0.0,0.0,1.0,0.0,0.0,0.0,0.0
184,50,11426,5,2003,1362.0,200000.0,0.0,0.0,0.0,1.0,0.0,0.0,0.0,0.0
185,50,7438,8,1908,504.0,127000.0,0.0,0.0,0.0,1.0,0.0,0.0,0.0,0.0
186,75,22950,9,1892,1107.0,475000.0,0.0,0.0,0.0,1.0,0.0,0.0,0.0,0.0
187,80,9947,5,1990,1188.0,173000.0,1.0,0.0,0.0,0.0,0.0,0.0,0.0,0.0
188,50,10410,7,1916,660.0,135000.0,0.0,0.0,0.0,1.0,0.0,0.0,0.0,0.0
189,90,7018,5,1979,1086.0,153337.0,0.0,0.0,0.0,1.0,0.0,1.0,0.0,0.0
190,120,4923,5,2001,1593.0,286000.0,0.0,0.0,0.0,1.0,0.0,0.0,0.0,1.0
191,70,10570,8,1932,853.0,315000.0,0.0,0.0,0.0,1.0,0.0,0.0,0.0,0.0
192,60,7472,9,1972,725.0,184000.0,1.0,0.0,0.0,0.0,0.0,0.0,0.0,0.0
193,20,9017,5,1999,1431.0,192000.0,0.0,0.0,0.0,1.0,0.0,0.0,0.0,0.0
194,160,2522,5,2004,970.0,130000.0,0.0,0.0,0.0,1.0,0.0,0.0,1.0,0.0
195,20,7180,7,1972,864.0,127000.0,0.0,0.0,0.0,1.0,0.0,0.0,0.0,0.0
196,160,2280,6,1976,855.0,148500.0,0.0,1.0,0.0,0.0,0.0,0.0,1.0,0.0
197,20,9416,5,2007,1726.0,311872.0,0.0,0.0,0.0,1.0,0.0,0.0,0.0,0.0
198,75,25419,4,1918,1360.0,235000.0,0.0,0.0,0.0,0.0,0.0,0.0,0.0,0.0
199,75,5520,6,1912,755.0,104000.0,0.0,0.0,0.0,0.0,0.0,0.0,0.0,0.0
200,20,9591,5,2004,1713.0,274900.0,0.0,0.0,0.0,1.0,0.0,0.0,0.0,0.0
201,20,8546,5,2003,1121.0,140000.0,0.0,0.0,0.0,0.0,0.0,0.0,0.0,0.0
202,20,10125,6,1977,1196.0,171500.0,0.0,0.0,0.0,1.0,0.0,0.0,0.0,0.0
203,50,7000,6,1924,617.0,112000.0,0.0,0.0,0.0,0.0,0.0,0.0,0.0,0.0
204,120,4438,5,2004,848.0,149000.0,0.0,0.0,0.0,1.0,0.0,0.0,0.0,1.0
205,50,3500,7,1947,720.0,110000.0,0.0,0.0,0.0,1.0,0.0,0.0,0.0,0.0
206,20,11851,5,1990,1424.0,180500.0,0.0,0.0,0.0,0.0,0.0,0.0,0.0,0.0
207,20,13673,5,1962,1140.0,143900.0,1.0,0.0,0.0,0.0,0.0,0.0,0.0,0.0
208,20,12493,5,1960,1100.0,141000.0,0.0,0.0,0.0,1.0,0.0,0.0,0.0,0.0
209,60,14364,5,1988,1157.0,277000.0,0.0,0.0,0.0,1.0,0.0,0.0,0.0,0.0
210,20,8250,7,1964,1092.0,145000.0,0.0,0.0,0.0,1.0,0.0,0.0,0.0,0.0
211,30,5604,6,1925,864.0,98000.0,0.0,0.0,0.0,1.0,0.0,0.0,0.0,0.0
212,20,10420,5,2009,1212.0,186000.0,0.0,0.0,0.0,0.0,0.0,0.0,0.0,0.0
213,60,8640,5,2009,900.0,252678.0,0.0,0.0,0.0,1.0,0.0,0.0,0.0,0.0
214,20,13568,5,1995,990.0,156000.0,1.0,0.0,0.0,0.0,0.0,0.0,0.0,0.0
215,60,10900,7,1977,689.0,161750.0,0.0,1.0,0.0,0.0,0.0,0.0,0.0,0.0
216,20,10011,6,1957,1070.0,134450.0,0.0,0.0,0.0,1.0,0.0,0.0,0.0,0.0
217,20,8450,5,2004,1436.0,210000.0,0.0,0.0,0.0,1.0,0.0,0.0,0.0,0.0
218,70,9906,4,1925,686.0,107000.0,0.0,0.0,0.0,1.0,0.0,0.0,0.0,0.0
219,50,15660,9,1939,798.0,311500.0,0.0,0.0,0.0,0.0,0.0,0.0,0.0,0.0
220,120,3010,5,2005,1248.0,167240.0,0.0,0.0,0.0,1.0,0.0,0.0,0.0,1.0
221,20,8990,5,2006,1498.0,204900.0,0.0,0.0,0.0,1.0,0.0,0.0,0.0,0.0
222,60,8068,5,2002,1010.0,200000.0,0.0,0.0,0.0,1.0,0.0,0.0,0.0,0.0
223,60,11475,6,1975,713.0,179900.0,0.0,0.0,0.0,1.0,0.0,0.0,0.0,0.0
224,20,10500,6,1971,864.0,97000.0,0.0,1.0,0.0,0.0,0.0,0.0,0.0,0.0
225,20,13472,5,2003,2392.0,386250.0,0.0,0.0,0.0,1.0,0.0,0.0,0.0,0.0
226,160,1680,5,1971,630.0,112000.0,0.0,0.0,0.0,1.0,0.0,0.0,1.0,0.0
227,60,9950,5,1995,1203.0,290000.0,0.0,0.0,0.0,1.0,0.0,0.0,0.0,0.0
228,160,1869,6,1970,483.0,106000.0,0.0,0.0,0.0,1.0,0.0,0.0,1.0,0.0
229,20,8521,5,1967,912.0,125000.0,0.0,1.0,0.0,0.0,0.0,0.0,0.0,0.0
230,120,3182,5,2005,1373.0,192500.0,0.0,0.0,0.0,1.0,0.0,0.0,0.0,1.0
231,20,8760,6,1959,1194.0,148000.0,0.0,0.0,0.0,1.0,0.0,0.0,0.0,0.0
232,60,15138,5,1995,1462.0,403000.0,0.0,0.0,0.0,1.0,0.0,0.0,0.0,0.0
233,160,1680,5,1972,483.0,94500.0,0.0,0.0,0.0,1.0,0.0,0.0,1.0,0.0
234,20,10650,6,1976,894.0,128200.0,0.0,0.0,0.0,0.0,0.0,0.0,0.0,0.0
235,60,7851,5,2002,860.0,216500.0,0.0,0.0,0.0,1.0,0.0,0.0,0.0,0.0
236,160,1680,3,1971,483.0,89500.0,0.0,0.0,0.0,1.0,0.0,0.0,0.0,1.0
237,20,8773,5,2004,1414.0,185500.0,0.0,1.0,0.0,0.0,0.0,0.0,0.0,0.0
238,60,9453,7,1993,996.0,194500.0,1.0,0.0,0.0,0.0,0.0,0.0,0.0,0.0
239,20,12030,5,2007,1694.0,318000.0,0.0,0.0,0.0,1.0,0.0,0.0,0.0,0.0
240,50,8741,4,1945,735.0,113000.0,0.0,0.0,0.0,1.0,0.0,0.0,0.0,0.0
241,20,9000,5,2008,1566.0,262500.0,0.0,0.0,0.0,1.0,0.0,0.0,0.0,0.0
242,30,3880,9,1945,686.0,110500.0,0.0,0.0,0.0,1.0,0.0,0.0,0.0,0.0
243,50,5000,4,1900,540.0,79000.0,0.0,0.0,0.0,0.0,0.0,0.0,0.0,0.0
244,160,10762,6,1980,626.0,120000.0,0.0,0.0,0.0,0.0,0.0,0.0,0.0,1.0
245,60,8880,5,1994,948.0,205000.0,0.0,0.0,0.0,1.0,0.0,0.0,0.0,0.0
246,20,10400,5,1988,1845.0,241500.0,0.0,0.0,0.0,1.0,0.0,0.0,0.0,0.0
247,190,9142,8,1910,1020.0,137000.0,0.0,0.0,0.0,1.0,1.0,0.0,0.0,0.0
248,20,11310,5,1954,1367.0,140000.0,0.0,0.0,0.0,1.0,0.0,0.0,0.0,0.0
249,60,11317,5,2003,840.0,180000.0,0.0,0.0,0.0,1.0,0.0,0.0,0.0,0.0
250,50,159000,7,1958,1444.0,277000.0,1.0,0.0,0.0,0.0,0.0,0.0,0.0,0.0
251,30,5350,2,1940,728.0,76500.0,0.0,0.0,0.0,1.0,0.0,0.0,0.0,0.0
252,120,4750,5,2006,1573.0,235000.0,0.0,0.0,0.0,1.0,0.0,0.0,0.0,1.0
253,60,8366,5,2004,798.0,173000.0,0.0,0.0,0.0,1.0,0.0,0.0,0.0,0.0
254,80,9350,7,1964,1302.0,158000.0,0.0,0.0,0.0,1.0,0.0,0.0,0.0,0.0
255,20,8400,6,1957,1314.0,145000.0,0.0,0.0,0.0,1.0,0.0,0.0,0.0,0.0
256,60,8738,5,1999,975.0,230000.0,0.0,0.0,0.0,1.0,0.0,0.0,0.0,0.0
257,60,8791,5,2003,864.0,207500.0,0.0,0.0,0.0,1.0,0.0,0.0,0.0,0.0
258,20,8814,5,2006,1604.0,220000.0,0.0,0.0,0.0,1.0,0.0,0.0,0.0,0.0
259,60,12435,5,2001,963.0,231500.0,0.0,0.0,0.0,1.0,0.0,0.0,0.0,0.0
260,20,12702,5,1956,0.0,97000.0,0.0,0.0,0.0,1.0,0.0,0.0,0.0,0.0
261,80,19296,5,1962,1362.0,176000.0,0.0,0.0,0.0,0.0,0.0,0.0,0.0,0.0
262,60,9588,5,2007,1482.0,276000.0,0.0,0.0,0.0,1.0,0.0,0.0,0.0,0.0
263,80,8471,7,1977,506.0,151000.0,0.0,0.0,0.0,0.0,0.0,0.0,0.0,0.0
264,50,5500,7,1929,926.0,130000.0,0.0,0.0,0.0,0.0,0.0,0.0,0.0,0.0
265,30,5232,5,1925,680.0,73000.0,0.0,0.0,0.0,1.0,0.0,0.0,0.0,0.0
266,20,12090,6,1981,1422.0,175500.0,0.0,0.0,0.0,1.0,0.0,0.0,0.0,0.0
267,60,11207,5,1997,802.0,185000.0,0.0,1.0,0.0,0.0,0.0,0.0,0.0,0.0
268,75,8400,8,1939,720.0,179500.0,0.0,0.0,0.0,1.0,0.0,0.0,0.0,0.0
269,30,6900,6,1940,740.0,120500.0,0.0,0.0,0.0,1.0,0.0,0.0,0.0,0.0
270,20,7917,7,1976,1143.0,148000.0,0.0,0.0,0.0,0.0,0.0,0.0,0.0,0.0
271,60,10728,5,2006,1095.0,266000.0,0.0,0.0,0.0,1.0,0.0,0.0,0.0,0.0
272,20,39104,7,1954,1385.0,241500.0,1.0,0.0,0.0,0.0,0.0,0.0,0.0,0.0
273,60,11764,7,1999,1152.0,290000.0,1.0,0.0,0.0,0.0,0.0,0.0,0.0,0.0
274,20,9600,6,1958,1240.0,139000.0,0.0,0.0,0.0,1.0,0.0,0.0,0.0,0.0
275,20,8314,7,1982,816.0,124500.0,0.0,0.0,0.0,0.0,0.0,0.0,0.0,0.0
276,50,7264,7,1925,952.0,205000.0,0.0,0.0,0.0,1.0,0.0,0.0,0.0,0.0
277,20,9196,5,2003,1560.0,201000.0,0.0,0.0,0.0,1.0,0.0,0.0,0.0,0.0
278,20,19138,5,1951,864.0,141000.0,0.0,0.0,0.0,0.0,0.0,0.0,0.0,0.0
279,20,14450,5,2006,2121.0,415298.0,0.0,0.0,0.0,1.0,0.0,0.0,0.0,0.0
280,60,10005,5,1977,1160.0,192000.0,0.0,0.0,0.0,1.0,0.0,0.0,0.0,0.0
281,60,11287,6,1989,807.0,228500.0,0.0,0.0,0.0,1.0,0.0,0.0,0.0,0.0
282,20,7200,5,2006,1262.0,185000.0,0.0,0.0,0.0,1.0,0.0,0.0,0.0,0.0
283,120,5063,5,2007,1314.0,207500.0,0.0,0.0,0.0,1.0,0.0,0.0,1.0,0.0
284,20,9612,5,2008,1468.0,244600.0,0.0,0.0,0.0,1.0,0.0,0.0,0.0,0.0
285,120,8012,5,1992,1575.0,179200.0,0.0,0.0,0.0,1.0,0.0,0.0,0.0,1.0
286,160,4251,5,2006,625.0,164700.0,0.0,0.0,0.0,1.0,0.0,0.0,0.0,1.0
287,50,9786,7,1962,912.0,159000.0,0.0,0.0,0.0,1.0,0.0,0.0,0.0,0.0
288,20,8125,4,1971,858.0,88000.0,0.0,0.0,0.0,0.0,0.0,0.0,0.0,0.0
289,20,9819,5,1967,882.0,122000.0,0.0,0.0,0.0,1.0,0.0,0.0,0.0,0.0
290,70,8730,7,1915,698.0,153575.0,0.0,0.0,0.0,1.0,0.0,0.0,0.0,0.0
291,60,15611,5,2006,1079.0,233230.0,0.0,0.0,0.0,1.0,0.0,0.0,0.0,0.0
292,190,5687,6,1912,780.0,135900.0,0.0,0.0,0.0,1.0,1.0,0.0,0.0,0.0
293,50,11409,4,1949,768.0,131000.0,0.0,0.0,0.0,1.0,0.0,0.0,0.0,0.0
294,60,16659,7,1977,795.0,235000.0,0.0,0.0,0.0,0.0,0.0,0.0,0.0,0.0
295,20,9600,5,1953,1416.0,167000.0,0.0,0.0,0.0,1.0,0.0,0.0,0.0,0.0
296,80,7937,6,1984,1003.0,142500.0,1.0,0.0,0.0,0.0,0.0,0.0,0.0,0.0
297,50,13710,5,1950,910.0,152000.0,0.0,0.0,0.0,1.0,0.0,0.0,0.0,0.0
298,60,7399,5,1997,975.0,239000.0,0.0,0.0,0.0,1.0,0.0,0.0,0.0,0.0
299,60,11700,6,1968,702.0,175000.0,0.0,0.0,0.0,1.0,0.0,0.0,0.0,0.0
300,20,14000,8,1950,1092.0,158500.0,0.0,0.0,0.0,1.0,0.0,0.0,0.0,0.0
301,190,15750,5,1953,1165.0,157000.0,0.0,0.0,0.0,0.0,1.0,0.0,0.0,0.0
302,60,16226,5,1998,1028.0,267000.0,0.0,0.0,0.0,1.0,0.0,0.0,0.0,0.0
303,20,13704,5,2001,1541.0,205000.0,0.0,0.0,0.0,0.0,0.0,0.0,0.0,0.0
304,20,9800,7,1972,894.0,149900.0,0.0,0.0,0.0,0.0,0.0,0.0,0.0,0.0
305,75,18386,9,1880,1470.0,295000.0,0.0,0.0,0.0,1.0,0.0,0.0,0.0,0.0
306,20,10386,5,2004,2000.0,305900.0,0.0,0.0,0.0,1.0,0.0,0.0,0.0,0.0
307,60,13474,5,1990,700.0,225000.0,0.0,0.0,0.0,1.0,0.0,0.0,0.0,0.0
308,50,7920,7,1920,319.0,89500.0,0.0,0.0,0.0,1.0,0.0,0.0,0.0,0.0
309,30,12342,5,1940,861.0,82500.0,0.0,0.0,0.0,1.0,0.0,0.0,0.0,0.0
310,20,12378,5,2003,1896.0,360000.0,0.0,0.0,0.0,1.0,0.0,0.0,0.0,0.0
311,60,7685,5,1993,697.0,165600.0,0.0,0.0,0.0,1.0,0.0,0.0,0.0,0.0
312,20,8000,6,1948,972.0,132000.0,0.0,0.0,0.0,1.0,0.0,0.0,0.0,0.0
313,190,7800,7,1939,793.0,119900.0,0.0,0.0,0.0,1.0,1.0,0.0,0.0,0.0
314,20,215245,5,1965,2136.0,375000.0,0.0,0.0,0.0,1.0,0.0,0.0,0.0,0.0
315,70,9600,7,1925,728.0,178000.0,0.0,0.0,0.0,1.0,0.0,0.0,0.0,0.0
316,60,7795,5,2004,716.0,188500.0,0.0,0.0,0.0,1.0,0.0,0.0,0.0,0.0
317,60,13005,7,1980,845.0,260000.0,0.0,0.0,0.0,0.0,0.0,0.0,0.0,0.0
318,60,9000,5,2006,1088.0,270000.0,0.0,0.0,0.0,1.0,0.0,0.0,0.0,0.0
319,60,9900,5,1993,1347.0,260000.0,0.0,0.0,0.0,1.0,0.0,0.0,0.0,0.0
320,80,14115,5,1980,1372.0,187500.0,0.0,0.0,0.0,1.0,0.0,0.0,0.0,0.0
321,60,16259,5,2006,1249.0,342643.0,0.0,0.0,0.0,0.0,0.0,0.0,0.0,0.0
322,60,12099,5,2004,1136.0,354000.0,0.0,0.0,0.0,1.0,0.0,0.0,0.0,0.0
323,60,10380,5,1986,1502.0,301000.0,0.0,0.0,0.0,1.0,0.0,0.0,0.0,0.0
324,20,5820,8,1955,1162.0,126175.0,0.0,0.0,0.0,1.0,0.0,0.0,0.0,0.0
325,80,11275,7,1967,710.0,242000.0,0.0,0.0,0.0,0.0,0.0,0.0,0.0,0.0
326,45,5000,6,1941,720.0,87000.0,0.0,0.0,0.0,1.0,0.0,0.0,0.0,0.0
327,120,10846,5,1993,1719.0,324000.0,1.0,0.0,0.0,0.0,0.0,0.0,0.0,1.0
328,20,11600,5,1960,1383.0,145250.0,0.0,0.0,0.0,1.0,0.0,0.0,0.0,0.0
329,75,11888,6,1916,844.0,214500.0,0.0,0.0,0.0,1.0,0.0,0.0,0.0,0.0
330,70,6402,5,1920,596.0,78000.0,0.0,0.0,0.0,0.0,0.0,0.0,0.0,0.0
331,90,10624,4,1964,1728.0,119000.0,0.0,0.0,0.0,1.0,0.0,1.0,0.0,0.0
332,20,8176,6,1958,1056.0,139000.0,0.0,0.0,0.0,1.0,0.0,0.0,0.0,0.0
333,20,10655,5,2003,3206.0,284000.0,0.0,0.0,0.0,1.0,0.0,0.0,0.0,0.0
334,120,8198,5,2004,1358.0,207000.0,0.0,0.0,1.0,0.0,0.0,0.0,0.0,1.0
335,60,9042,5,1998,943.0,192000.0,0.0,0.0,0.0,1.0,0.0,0.0,0.0,0.0
336,190,164660,6,1965,1499.0,228950.0,0.0,0.0,0.0,0.0,1.0,0.0,0.0,0.0
337,20,14157,5,2005,1922.0,377426.0,0.0,0.0,0.0,0.0,0.0,0.0,0.0,0.0
338,20,9135,5,2002,1536.0,214000.0,0.0,0.0,0.0,1.0,0.0,0.0,0.0,0.0
339,20,14145,7,1984,1208.0,202500.0,0.0,0.0,0.0,0.0,0.0,0.0,0.0,0.0
340,20,12400,7,1958,1215.0,155000.0,0.0,0.0,0.0,1.0,0.0,0.0,0.0,0.0
341,60,14191,5,2002,967.0,202900.0,0.0,0.0,0.0,1.0,0.0,0.0,0.0,0.0
342,20,8400,4,1950,721.0,82000.0,0.0,0.0,0.0,1.0,0.0,0.0,0.0,0.0
343,90,8544,4,1949,0.0,87500.0,0.0,0.0,0.0,1.0,0.0,1.0,0.0,0.0
344,120,8849,5,2005,1684.0,266000.0,0.0,0.0,0.0,1.0,0.0,0.0,0.0,1.0
345,160,2592,3,1976,536.0,85000.0,0.0,0.0,0.0,1.0,0.0,0.0,0.0,1.0
346,50,6435,5,1939,972.0,140200.0,0.0,0.0,0.0,1.0,0.0,0.0,0.0,0.0
347,20,12772,8,1960,958.0,151500.0,1.0,0.0,0.0,0.0,0.0,0.0,0.0,0.0
348,20,17600,5,1960,1478.0,157500.0,0.0,0.0,0.0,1.0,0.0,0.0,0.0,0.0
349,160,2448,5,2003,764.0,154000.0,0.0,0.0,0.0,1.0,0.0,0.0,1.0,0.0
350,60,20431,5,2005,1848.0,437154.0,0.0,0.0,0.0,1.0,0.0,0.0,0.0,0.0
351,120,7820,5,2007,1869.0,318061.0,0.0,0.0,0.0,1.0,0.0,0.0,0.0,1.0
352,120,5271,5,1986,1453.0,190000.0,0.0,0.0,0.0,1.0,0.0,0.0,0.0,0.0
353,50,9084,6,1941,616.0,95000.0,0.0,0.0,0.0,1.0,0.0,0.0,0.0,0.0
354,30,8520,8,1928,624.0,105900.0,0.0,0.0,0.0,1.0,0.0,0.0,0.0,0.0
355,50,8400,5,1940,940.0,140000.0,0.0,0.0,0.0,1.0,0.0,0.0,0.0,0.0
356,20,11249,5,1995,1200.0,177500.0,0.0,0.0,0.0,1.0,0.0,0.0,0.0,0.0
357,20,9248,6,1992,1158.0,173000.0,0.0,0.0,0.0,1.0,0.0,0.0,0.0,0.0
358,120,4224,5,1976,1142.0,134000.0,0.0,0.0,0.0,1.0,0.0,0.0,0.0,1.0
359,80,6930,4,1958,1062.0,130000.0,0.0,0.0,0.0,1.0,0.0,0.0,0.0,0.0
360,60,12011,5,1998,1086.0,280000.0,1.0,0.0,0.0,0.0,0.0,0.0,0.0,0.0
361,85,7540,6,1978,888.0,156000.0,1.0,0.0,0.0,0.0,0.0,0.0,0.0,0.0
362,50,9144,5,1940,883.0,145000.0,0.0,0.0,0.0,1.0,0.0,0.0,0.0,0.0
363,85,7301,5,2003,0.0,198500.0,0.0,0.0,0.0,0.0,0.0,0.0,0.0,0.0
364,160,1680,8,1972,483.0,118000.0,0.0,0.0,0.0,1.0,0.0,0.0,1.0,0.0
365,60,18800,5,1976,796.0,190000.0,0.0,1.0,0.0,0.0,0.0,0.0,0.0,0.0
366,70,10690,7,1920,672.0,147000.0,0.0,0.0,0.0,1.0,0.0,0.0,0.0,0.0
367,20,9500,5,1963,1394.0,159000.0,0.0,0.0,0.0,1.0,0.0,0.0,0.0,0.0
368,80,9150,5,1962,1099.0,165000.0,0.0,0.0,0.0,0.0,0.0,0.0,0.0,0.0
369,20,7800,6,1954,1268.0,132000.0,0.0,0.0,0.0,1.0,0.0,0.0,0.0,0.0
370,20,9830,7,1959,1063.0,162000.0,0.0,0.0,0.0,0.0,0.0,0.0,0.0,0.0
371,60,8121,5,2000,953.0,172400.0,0.0,0.0,0.0,1.0,0.0,0.0,0.0,0.0
372,50,17120,4,1959,0.0,134432.0,0.0,0.0,0.0,1.0,0.0,0.0,0.0,0.0
373,120,7175,5,1984,744.0,125000.0,0.0,0.0,0.0,1.0,0.0,0.0,0.0,1.0
374,20,10634,6,1953,608.0,123000.0,0.0,0.0,0.0,1.0,0.0,0.0,0.0,0.0
375,60,8200,5,2003,847.0,219500.0,0.0,0.0,0.0,1.0,0.0,0.0,0.0,0.0
376,30,10020,1,1922,683.0,61000.0,0.0,0.0,0.0,1.0,0.0,0.0,0.0,0.0
377,85,8846,5,1996,870.0,148000.0,1.0,0.0,0.0,0.0,0.0,0.0,0.0,0.0
378,60,11143,5,2004,1580.0,340000.0,0.0,0.0,0.0,0.0,0.0,0.0,0.0,0.0
379,20,11394,2,2010,1856.0,394432.0,0.0,0.0,0.0,0.0,0.0,0.0,0.0,0.0
380,60,8123,5,2000,982.0,179000.0,0.0,0.0,0.0,1.0,0.0,0.0,0.0,0.0
381,50,5000,6,1924,1026.0,127000.0,0.0,0.0,0.0,1.0,0.0,0.0,0.0,0.0
382,20,7200,5,2006,1293.0,187750.0,0.0,0.0,0.0,1.0,0.0,0.0,0.0,0.0
383,60,9245,5,2006,939.0,213500.0,0.0,0.0,0.0,1.0,0.0,0.0,0.0,0.0
384,45,9000,3,1928,784.0,76000.0,0.0,0.0,0.0,0.0,0.0,0.0,0.0,0.0
385,60,53107,5,1992,1580.0,240000.0,0.0,0.0,0.0,0.0,0.0,0.0,0.0,0.0
386,120,3182,5,2004,1256.0,192000.0,0.0,0.0,0.0,1.0,0.0,0.0,0.0,1.0
387,50,8410,3,1910,658.0,81000.0,0.0,1.0,0.0,0.0,0.0,0.0,0.0,0.0
388,80,7200,6,1976,1041.0,125000.0,0.0,0.0,0.0,1.0,0.0,0.0,0.0,0.0
389,20,9382,5,1999,1468.0,191000.0,1.0,0.0,0.0,0.0,0.0,0.0,0.0,0.0
390,60,12474,5,2007,1682.0,426000.0,0.0,0.0,0.0,1.0,0.0,0.0,0.0,0.0
391,50,8405,8,1900,861.0,119000.0,0.0,0.0,0.0,1.0,0.0,0.0,0.0,0.0
392,60,12209,5,2001,804.0,215000.0,1.0,0.0,0.0,0.0,0.0,0.0,0.0,0.0
393,20,8339,7,1959,0.0,106500.0,0.0,0.0,0.0,1.0,0.0,0.0,0.0,0.0
394,30,7446,5,1941,788.0,100000.0,0.0,0.0,0.0,0.0,0.0,0.0,0.0,0.0
395,50,10134,6,1940,735.0,109000.0,0.0,0.0,0.0,1.0,0.0,0.0,0.0,0.0
396,20,9571,6,1956,1144.0,129000.0,0.0,0.0,0.0,1.0,0.0,0.0,0.0,0.0
397,20,7200,5,1972,894.0,123000.0,0.0,0.0,0.0,1.0,0.0,0.0,0.0,0.0
398,60,7590,5,1962,864.0,169500.0,0.0,0.0,0.0,1.0,0.0,0.0,0.0,0.0
399,30,8967,2,1920,961.0,67000.0,0.0,0.0,0.0,0.0,0.0,0.0,0.0,0.0
400,60,8125,5,2006,1092.0,241000.0,0.0,0.0,0.0,1.0,0.0,0.0,0.0,0.0
401,120,14963,5,1996,1260.0,245500.0,0.0,0.0,0.0,1.0,0.0,0.0,0.0,1.0
402,20,8767,5,2005,1310.0,164990.0,0.0,0.0,0.0,1.0,0.0,0.0,0.0,0.0
403,30,10200,8,1940,672.0,108000.0,0.0,0.0,0.0,1.0,0.0,0.0,0.0,0.0
404,60,12090,5,1998,1141.0,258000.0,0.0,0.0,0.0,0.0,0.0,0.0,0.0,0.0
405,60,10364,5,1995,806.0,168000.0,0.0,0.0,0.0,1.0,0.0,0.0,0.0,0.0
406,20,9991,4,1976,1281.0,150000.0,0.0,0.0,0.0,0.0,0.0,0.0,0.0,0.0
407,50,10480,5,1936,1064.0,115000.0,0.0,0.0,0.0,1.0,0.0,0.0,0.0,0.0
408,70,15576,7,1915,840.0,177000.0,0.0,0.0,0.0,1.0,0.0,0.0,0.0,0.0
409,60,14154,5,2006,1063.0,280000.0,0.0,0.0,0.0,0.0,0.0,0.0,0.0,0.0
410,60,10800,5,2007,1034.0,339750.0,0.0,0.0,0.0,1.0,0.0,0.0,0.0,0.0
411,20,9571,3,1958,1276.0,60000.0,0.0,0.0,0.0,1.0,0.0,0.0,0.0,0.0
412,190,34650,5,1955,1056.0,145000.0,0.0,0.0,0.0,1.0,1.0,0.0,0.0,0.0
413,20,4403,5,2009,1470.0,222000.0,0.0,0.0,0.0,1.0,0.0,0.0,0.0,0.0
414,30,8960,6,1927,1008.0,115000.0,0.0,0.0,0.0,1.0,0.0,0.0,0.0,0.0
415,60,11228,5,1993,1080.0,228000.0,1.0,0.0,0.0,0.0,0.0,0.0,0.0,0.0
416,20,8899,5,2007,1340.0,181134.0,0.0,0.0,0.0,1.0,0.0,0.0,0.0,0.0
417,60,7844,7,1978,672.0,149500.0,0.0,0.0,0.0,1.0,0.0,0.0,0.0,0.0
418,70,22420,6,1918,1370.0,239000.0,0.0,0.0,0.0,1.0,0.0,0.0,0.0,0.0
419,50,8160,6,1940,756.0,126000.0,0.0,0.0,0.0,1.0,0.0,0.0,0.0,0.0
420,20,8450,6,1968,1056.0,142000.0,0.0,0.0,0.0,1.0,0.0,0.0,0.0,0.0
421,90,7060,5,1997,1344.0,206300.0,0.0,0.0,0.0,1.0,0.0,1.0,0.0,0.0
422,20,16635,7,1977,1602.0,215000.0,0.0,1.0,0.0,0.0,0.0,0.0,0.0,0.0
423,20,21750,5,1954,988.0,113000.0,0.0,0.0,0.0,1.0,0.0,0.0,0.0,0.0
424,60,9200,5,1998,1470.0,315000.0,0.0,0.0,0.0,1.0,0.0,0.0,0.0,0.0
425,20,9000,5,1956,1196.0,139000.0,0.0,0.0,0.0,1.0,0.0,0.0,0.0,0.0
426,60,3378,8,1946,651.0,135000.0,0.0,0.0,0.0,1.0,0.0,0.0,0.0,0.0
427,80,12800,5,1989,1518.0,275000.0,0.0,0.0,0.0,1.0,0.0,0.0,0.0,0.0
428,20,8593,6,1957,907.0,109008.0,0.0,0.0,0.0,1.0,0.0,0.0,0.0,0.0
429,20,6762,5,2007,1208.0,195400.0,0.0,0.0,0.0,1.0,0.0,0.0,0.0,0.0
430,20,11457,5,1988,1392.0,175000.0,0.0,0.0,0.0,0.0,0.0,0.0,0.0,0.0
431,160,1680,5,1971,483.0,85400.0,0.0,0.0,0.0,1.0,0.0,0.0,1.0,0.0
432,50,5586,7,1920,901.0,79900.0,0.0,0.0,0.0,1.0,0.0,0.0,0.0,0.0
433,160,1920,5,1971,765.0,122500.0,0.0,0.0,0.0,1.0,0.0,0.0,0.0,1.0
434,60,10839,5,1997,926.0,181000.0,0.0,0.0,0.0,0.0,0.0,0.0,0.0,0.0
435,180,1890,7,1972,630.0,81000.0,0.0,0.0,0.0,1.0,0.0,0.0,1.0,0.0
436,60,10667,6,1996,799.0,212000.0,1.0,0.0,0.0,0.0,0.0,0.0,0.0,0.0
437,50,4400,8,1920,648.0,116000.0,0.0,0.0,0.0,1.0,0.0,0.0,0.0,0.0
438,45,6000,7,1926,884.0,119000.0,0.0,0.0,0.0,1.0,0.0,0.0,0.0,0.0
439,30,4280,6,1913,440.0,90350.0,0.0,0.0,0.0,1.0,0.0,0.0,0.0,0.0
440,50,12354,8,1920,684.0,110000.0,0.0,0.0,0.0,0.0,0.0,0.0,0.0,0.0
441,20,15431,5,2008,3094.0,555000.0,0.0,0.0,0.0,1.0,0.0,0.0,0.0,0.0
442,90,12108,4,1955,1440.0,118000.0,0.0,0.0,0.0,1.0,0.0,1.0,0.0,0.0
443,50,6240,7,1930,1078.0,162900.0,0.0,0.0,0.0,1.0,0.0,0.0,0.0,0.0
444,120,3922,5,2006,1258.0,172500.0,0.0,0.0,0.0,1.0,0.0,0.0,0.0,1.0
445,60,8750,5,1994,915.0,210000.0,0.0,0.0,0.0,1.0,0.0,0.0,0.0,0.0
446,20,9855,5,1956,1436.0,127500.0,0.0,0.0,0.0,0.0,0.0,0.0,0.0,0.0
447,20,16492,6,1966,1517.0,190000.0,0.0,0.0,0.0,0.0,0.0,0.0,0.0,0.0
448,60,11214,5,1998,930.0,199900.0,0.0,0.0,0.0,0.0,0.0,0.0,0.0,0.0
449,50,8600,6,1937,780.0,119500.0,0.0,0.0,0.0,1.0,0.0,0.0,0.0,0.0
450,50,6000,7,1948,649.0,120000.0,0.0,0.0,0.0,1.0,0.0,0.0,0.0,0.0
451,30,5684,8,1930,813.0,110000.0,0.0,0.0,0.0,1.0,0.0,0.0,0.0,0.0
452,20,70761,5,1975,1533.0,280000.0,0.0,0.0,0.0,1.0,0.0,0.0,0.0,0.0
453,60,9303,5,1996,872.0,204000.0,0.0,0.0,0.0,0.0,0.0,0.0,0.0,0.0
454,60,9000,5,2008,768.0,210000.0,0.0,0.0,0.0,1.0,0.0,0.0,0.0,0.0
455,90,9297,5,1976,1728.0,188000.0,0.0,0.0,0.0,1.0,0.0,1.0,0.0,0.0
456,20,9600,6,1973,1242.0,175500.0,0.0,0.0,0.0,1.0,0.0,0.0,0.0,0.0
457,70,4571,5,1916,624.0,98000.0,0.0,0.0,0.0,1.0,0.0,0.0,0.0,0.0
458,20,53227,6,1954,1364.0,256000.0,1.0,0.0,0.0,0.0,0.0,0.0,0.0,0.0
459,70,5100,7,1925,588.0,161000.0,0.0,0.0,0.0,1.0,0.0,0.0,0.0,0.0
460,50,7015,4,1950,709.0,110000.0,0.0,0.0,0.0,0.0,0.0,0.0,0.0,0.0
461,60,8004,5,2009,832.0,263435.0,0.0,0.0,0.0,1.0,0.0,0.0,0.0,0.0
462,70,7200,9,1936,560.0,155000.0,0.0,0.0,0.0,1.0,0.0,0.0,0.0,0.0
463,20,8281,5,1965,864.0,62383.0,0.0,0.0,0.0,1.0,0.0,0.0,0.0,0.0
464,70,11988,7,1934,715.0,188700.0,0.0,0.0,0.0,1.0,0.0,0.0,0.0,0.0
465,20,8430,5,1978,1040.0,124000.0,0.0,0.0,0.0,1.0,0.0,0.0,0.0,0.0
466,120,3072,5,2004,1375.0,178740.0,0.0,0.0,0.0,1.0,0.0,0.0,0.0,1.0
467,20,10628,5,1970,1277.0,167000.0,0.0,0.0,0.0,1.0,0.0,0.0,0.0,0.0
468,70,9480,7,1942,728.0,146500.0,0.0,0.0,0.0,1.0,0.0,0.0,0.0,0.0
469,20,11428,5,2006,1626.0,250000.0,0.0,0.0,0.0,1.0,0.0,0.0,0.0,0.0
470,60,9291,5,1993,832.0,187000.0,0.0,0.0,0.0,0.0,0.0,0.0,0.0,0.0
471,120,6820,5,1985,1488.0,212000.0,0.0,0.0,0.0,0.0,0.0,0.0,0.0,1.0
472,60,11952,6,1977,808.0,190000.0,0.0,0.0,0.0,1.0,0.0,0.0,0.0,0.0
473,180,3675,5,2005,547.0,148000.0,0.0,0.0,0.0,1.0,0.0,0.0,0.0,1.0
474,20,14977,5,2006,1976.0,440000.0,0.0,0.0,0.0,1.0,0.0,0.0,0.0,0.0
475,120,5330,5,2000,1494.0,251000.0,0.0,0.0,0.0,1.0,0.0,0.0,0.0,1.0
476,20,8480,6,1963,970.0,132500.0,0.0,0.0,0.0,0.0,0.0,0.0,0.0,0.0
477,20,13125,5,1997,1478.0,208900.0,0.0,0.0,0.0,1.0,0.0,0.0,0.0,0.0
478,60,13693,5,2006,2153.0,380000.0,0.0,0.0,0.0,1.0,0.0,0.0,0.0,0.0
479,20,10637,5,2007,1705.0,297000.0,0.0,0.0,0.0,1.0,0.0,0.0,0.0,0.0
480,30,5925,7,1937,907.0,89471.0,0.0,0.0,0.0,1.0,0.0,0.0,0.0,0.0
481,20,16033,5,2004,1833.0,326000.0,0.0,1.0,0.0,0.0,0.0,0.0,0.0,0.0
482,20,11846,5,2003,1792.0,374000.0,0.0,0.0,0.0,1.0,0.0,0.0,0.0,0.0
483,70,2500,8,1915,910.0,155000.0,0.0,0.0,0.0,0.0,0.0,0.0,0.0,0.0
484,120,4500,5,1998,1216.0,164000.0,0.0,1.0,0.0,0.0,0.0,0.0,1.0,0.0
485,20,7758,7,1962,999.0,132500.0,0.0,0.0,0.0,0.0,0.0,0.0,0.0,0.0
486,20,9600,7,1950,1113.0,147000.0,0.0,0.0,0.0,1.0,0.0,0.0,0.0,0.0
487,20,10289,7,1965,1073.0,156000.0,0.0,0.0,0.0,1.0,0.0,0.0,0.0,0.0
488,20,12243,6,1971,1484.0,175000.0,0.0,0.0,0.0,1.0,0.0,0.0,0.0,0.0
489,190,10800,4,1900,954.0,160000.0,0.0,0.0,0.0,0.0,1.0,0.0,0.0,0.0
490,180,1526,8,1970,630.0,86000.0,0.0,0.0,0.0,1.0,0.0,0.0,1.0,0.0
491,160,2665,6,1976,264.0,115000.0,0.0,0.0,0.0,1.0,0.0,0.0,0.0,1.0
492,50,9490,7,1941,806.0,133000.0,0.0,0.0,0.0,1.0,0.0,0.0,0.0,0.0
493,60,15578,5,2006,728.0,172785.0,0.0,0.0,0.0,0.0,0.0,0.0,0.0,0.0
494,20,7931,6,1960,1269.0,155000.0,0.0,0.0,0.0,1.0,0.0,0.0,0.0,0.0
495,30,5784,8,1938,190.0,91300.0,0.0,0.0,0.0,1.0,0.0,0.0,0.0,0.0
496,30,7879,5,1920,720.0,34900.0,0.0,0.0,0.0,1.0,0.0,0.0,0.0,0.0
497,20,12692,5,1992,3200.0,430000.0,0.0,0.0,0.0,1.0,0.0,0.0,0.0,0.0
498,50,9120,6,1925,1026.0,184000.0,0.0,0.0,0.0,1.0,0.0,0.0,0.0,0.0
499,20,7800,7,1967,864.0,130000.0,0.0,0.0,0.0,1.0,0.0,0.0,0.0,0.0
500,20,7535,7,1958,912.0,120000.0,0.0,0.0,0.0,1.0,0.0,0.0,0.0,0.0
501,160,1890,5,1973,672.0,113000.0,0.0,0.0,0.0,1.0,0.0,0.0,1.0,0.0
502,60,9803,5,2005,866.0,226700.0,0.0,0.0,0.0,1.0,0.0,0.0,0.0,0.0
503,20,9170,7,1965,1214.0,140000.0,0.0,0.0,0.0,0.0,0.0,0.0,0.0,0.0
504,20,15602,8,1959,1501.0,289000.0,0.0,0.0,0.0,1.0,0.0,0.0,0.0,0.0
505,160,2308,5,1974,855.0,147000.0,0.0,0.0,0.0,1.0,0.0,0.0,0.0,1.0
506,90,7596,5,1952,960.0,124500.0,0.0,0.0,0.0,1.0,0.0,1.0,0.0,0.0
507,60,9554,5,1993,777.0,215000.0,0.0,0.0,0.0,1.0,0.0,0.0,0.0,0.0
508,20,7862,5,2009,1218.0,208300.0,0.0,0.0,0.0,1.0,0.0,0.0,0.0,0.0
509,70,9600,9,1928,689.0,161000.0,0.0,0.0,0.0,1.0,0.0,0.0,0.0,0.0
510,20,9600,6,1959,1041.0,124500.0,0.0,0.0,0.0,0.0,0.0,0.0,0.0,0.0
511,20,14559,7,1951,1008.0,164900.0,0.0,0.0,0.0,1.0,0.0,0.0,0.0,0.0
512,120,6792,5,2005,1368.0,202665.0,0.0,0.0,0.0,1.0,0.0,0.0,0.0,1.0
513,20,9100,5,1958,864.0,129900.0,0.0,0.0,0.0,0.0,0.0,0.0,0.0,0.0
514,20,9187,5,1983,1084.0,134000.0,0.0,0.0,0.0,0.0,0.0,0.0,0.0,0.0
515,45,10594,5,1926,768.0,96500.0,0.0,0.0,0.0,1.0,0.0,0.0,0.0,0.0
516,20,12220,5,2009,2006.0,402861.0,0.0,0.0,0.0,1.0,0.0,0.0,0.0,0.0
517,80,10448,6,1972,689.0,158000.0,0.0,0.0,0.0,0.0,0.0,0.0,0.0,0.0
518,60,10208,5,1996,1264.0,265000.0,0.0,0.0,0.0,1.0,0.0,0.0,0.0,0.0
519,60,9531,5,1998,794.0,211000.0,1.0,0.0,0.0,0.0,0.0,0.0,0.0,0.0
520,70,10918,9,1926,1276.0,234000.0,0.0,0.0,0.0,1.0,0.0,0.0,0.0,0.0
521,190,10800,7,1900,0.0,106250.0,0.0,0.0,0.0,1.0,1.0,0.0,0.0,0.0
522,20,11988,6,1957,1244.0,150000.0,0.0,0.0,0.0,0.0,0.0,0.0,0.0,0.0
523,50,5000,7,1947,1004.0,159000.0,0.0,0.0,0.0,0.0,0.0,0.0,0.0,0.0
524,60,40094,5,2007,3138.0,184750.0,0.0,0.0,0.0,1.0,0.0,0.0,0.0,0.0
525,60,11787,5,1996,1379.0,315750.0,0.0,0.0,0.0,1.0,0.0,0.0,0.0,0.0
526,20,7500,5,2005,1257.0,176000.0,0.0,0.0,0.0,1.0,0.0,0.0,0.0,0.0
527,20,13300,7,1956,928.0,132000.0,0.0,0.0,0.0,1.0,0.0,0.0,0.0,0.0
528,60,14948,5,2008,1452.0,446261.0,0.0,0.0,0.0,1.0,0.0,0.0,0.0,0.0
529,30,9098,7,1920,528.0,86000.0,0.0,0.0,0.0,1.0,0.0,0.0,0.0,0.0
530,20,32668,3,1957,2035.0,200624.0,1.0,0.0,0.0,0.0,0.0,0.0,0.0,0.0
531,80,10200,5,1988,1461.0,175000.0,0.0,0.0,0.0,1.0,0.0,0.0,0.0,0.0
532,70,6155,8,1920,611.0,128000.0,0.0,0.0,1.0,0.0,0.0,0.0,0.0,0.0
533,20,7200,7,1955,0.0,107500.0,0.0,0.0,0.0,1.0,0.0,0.0,0.0,0.0
534,20,5000,3,1946,0.0,39300.0,0.0,0.0,0.0,1.0,0.0,0.0,0.0,0.0
535,60,9056,5,2004,707.0,178000.0,0.0,0.0,0.0,1.0,0.0,0.0,0.0,0.0
536,190,7000,7,1910,1117.0,107500.0,0.0,0.0,0.0,1.0,1.0,0.0,0.0,0.0
537,60,8924,5,1998,880.0,188000.0,1.0,0.0,0.0,0.0,0.0,0.0,0.0,0.0
538,20,12735,5,1972,864.0,111250.0,0.0,1.0,0.0,0.0,0.0,0.0,0.0,0.0
539,20,11553,5,1968,1051.0,158000.0,0.0,0.0,0.0,1.0,0.0,0.0,0.0,0.0
540,20,11423,5,2001,1581.0,272000.0,0.0,0.0,0.0,1.0,0.0,0.0,0.0,0.0
541,20,14601,5,2006,1838.0,315000.0,0.0,0.0,0.0,1.0,0.0,0.0,0.0,0.0
542,60,11000,5,2000,969.0,248000.0,0.0,1.0,0.0,0.0,0.0,0.0,0.0,0.0
543,20,10140,5,1998,1650.0,213250.0,0.0,0.0,0.0,1.0,0.0,0.0,0.0,0.0
544,120,4058,5,1998,723.0,133000.0,0.0,0.0,0.0,1.0,0.0,0.0,0.0,1.0
545,60,17104,5,2006,654.0,179665.0,0.0,0.0,0.0,1.0,0.0,0.0,0.0,0.0
546,50,13837,5,1988,1204.0,229000.0,0.0,0.0,0.0,0.0,0.0,0.0,0.0,0.0
547,50,8737,7,1923,1065.0,210000.0,0.0,0.0,0.0,1.0,0.0,0.0,0.0,0.0
548,85,7244,7,1970,768.0,129500.0,0.0,0.0,0.0,1.0,0.0,0.0,0.0,0.0
549,20,8235,7,1955,825.0,125000.0,0.0,0.0,0.0,1.0,0.0,0.0,0.0,0.0
550,60,9375,5,2003,912.0,263000.0,0.0,0.0,0.0,1.0,0.0,0.0,0.0,0.0
551,120,4043,6,1977,1069.0,140000.0,0.0,0.0,0.0,1.0,0.0,0.0,0.0,1.0
552,20,6000,6,1957,928.0,112500.0,0.0,0.0,0.0,1.0,0.0,0.0,0.0,0.0
553,20,11146,5,2006,1709.0,255500.0,0.0,0.0,0.0,1.0,0.0,0.0,0.0,0.0
554,20,8777,5,1949,0.0,108000.0,0.0,0.0,0.0,1.0,0.0,0.0,0.0,0.0
555,60,10625,5,2003,998.0,284000.0,0.0,0.0,0.0,1.0,0.0,0.0,0.0,0.0
556,45,6380,6,1922,993.0,113000.0,0.0,0.0,0.0,1.0,0.0,0.0,0.0,0.0
557,20,14850,5,1957,1092.0,141000.0,0.0,0.0,0.0,1.0,0.0,0.0,0.0,0.0
558,50,11040,6,1920,637.0,108000.0,0.0,0.0,0.0,1.0,0.0,0.0,0.0,0.0
559,60,21872,5,1996,729.0,175000.0,0.0,1.0,0.0,0.0,0.0,0.0,0.0,0.0
560,120,3196,5,2003,1374.0,234000.0,0.0,0.0,0.0,1.0,0.0,0.0,0.0,1.0
561,20,11341,6,1957,1392.0,121500.0,0.0,0.0,0.0,1.0,0.0,0.0,0.0,0.0
562,20,10010,5,1974,1389.0,170000.0,0.0,0.0,0.0,1.0,0.0,0.0,0.0,0.0
563,30,13907,6,1940,996.0,108000.0,0.0,0.0,0.0,1.0,0.0,0.0,0.0,0.0
564,50,21780,7,1918,1163.0,185000.0,0.0,0.0,0.0,1.0,0.0,0.0,0.0,0.0
565,60,13346,5,1992,1095.0,268000.0,1.0,0.0,0.0,0.0,0.0,0.0,0.0,0.0
566,70,6858,4,1915,806.0,128000.0,0.0,0.0,0.0,0.0,0.0,0.0,0.0,0.0
567,60,11198,5,2005,1122.0,325000.0,0.0,0.0,0.0,1.0,0.0,0.0,0.0,0.0
568,20,10171,5,2004,1517.0,214000.0,0.0,0.0,0.0,1.0,0.0,0.0,0.0,0.0
569,50,12327,8,1983,1496.0,316600.0,0.0,0.0,0.0,1.0,0.0,0.0,0.0,0.0
570,90,7032,5,1979,943.0,135960.0,0.0,0.0,0.0,0.0,0.0,1.0,0.0,0.0
571,90,13101,5,1965,1728.0,142600.0,0.0,0.0,0.0,1.0,0.0,1.0,0.0,0.0
572,20,7332,6,1959,864.0,120000.0,0.0,0.0,0.0,1.0,0.0,0.0,0.0,0.0
573,60,13159,5,2009,846.0,224500.0,0.0,0.0,0.0,0.0,0.0,0.0,0.0,0.0
574,80,9967,5,2000,384.0,170000.0,0.0,0.0,0.0,1.0,0.0,0.0,0.0,0.0
575,80,10500,7,1971,372.0,139000.0,0.0,1.0,0.0,0.0,0.0,0.0,0.0,0.0
576,50,8480,5,1947,832.0,118500.0,0.0,0.0,0.0,1.0,0.0,0.0,0.0,0.0
577,50,6292,7,1928,861.0,145000.0,0.0,0.0,0.0,1.0,0.0,0.0,0.0,0.0
578,80,11777,6,1966,1164.0,164500.0,0.0,0.0,0.0,1.0,0.0,0.0,0.0,0.0
579,160,3604,5,2007,689.0,146000.0,0.0,0.0,0.0,0.0,0.0,0.0,0.0,1.0
580,50,12150,5,1954,1050.0,131500.0,0.0,0.0,0.0,1.0,0.0,0.0,0.0,0.0
581,20,14585,6,1960,1144.0,181900.0,1.0,0.0,0.0,0.0,0.0,0.0,0.0,0.0
582,20,12704,5,2008,2042.0,253293.0,0.0,0.0,0.0,1.0,0.0,0.0,0.0,0.0
583,90,11841,5,1990,816.0,118500.0,0.0,0.0,0.0,1.0,0.0,1.0,0.0,0.0
584,75,13500,9,1893,1237.0,325000.0,0.0,0.0,0.0,1.0,0.0,0.0,0.0,0.0
585,50,6120,7,1935,884.0,133000.0,0.0,0.0,0.0,1.0,0.0,0.0,0.0,0.0
586,20,11443,5,2005,1868.0,369900.0,0.0,0.0,0.0,1.0,0.0,0.0,0.0,0.0
587,30,10267,7,1918,816.0,130000.0,0.0,0.0,0.0,1.0,0.0,0.0,0.0,0.0
588,85,8740,6,1982,840.0,137000.0,0.0,0.0,0.0,1.0,0.0,0.0,0.0,0.0
589,20,25095,8,1968,1437.0,143000.0,0.0,0.0,0.0,1.0,0.0,0.0,0.0,0.0
590,40,9100,6,1930,742.0,79500.0,0.0,0.0,0.0,1.0,0.0,0.0,0.0,0.0
591,60,8320,5,2004,770.0,185900.0,0.0,0.0,0.0,1.0,0.0,0.0,0.0,0.0
592,60,13478,5,2008,1722.0,451950.0,0.0,0.0,0.0,0.0,0.0,0.0,0.0,0.0
593,20,6600,8,1982,816.0,138000.0,0.0,0.0,0.0,1.0,0.0,0.0,0.0,0.0
594,120,4435,5,2003,848.0,140000.0,0.0,0.0,0.0,1.0,0.0,0.0,0.0,1.0
595,20,7990,6,1975,924.0,110000.0,0.0,0.0,0.0,1.0,0.0,0.0,0.0,0.0
596,20,11302,5,2005,1814.0,319000.0,0.0,0.0,0.0,1.0,0.0,0.0,0.0,0.0
597,70,3600,7,1910,684.0,114504.0,0.0,0.0,0.0,1.0,0.0,0.0,0.0,0.0
598,120,3922,5,2006,1258.0,194201.0,0.0,0.0,0.0,1.0,0.0,0.0,0.0,1.0
599,20,12984,6,1977,1430.0,217500.0,0.0,0.0,0.0,1.0,0.0,0.0,0.0,0.0
600,160,1950,6,1980,716.0,151000.0,0.0,0.0,0.0,1.0,0.0,0.0,1.0,0.0
601,60,10927,5,2005,1058.0,275000.0,0.0,0.0,0.0,1.0,0.0,0.0,0.0,0.0
602,50,9000,6,1937,780.0,141000.0,0.0,0.0,0.0,1.0,0.0,0.0,0.0,0.0
603,60,10041,5,1992,908.0,220000.0,0.0,0.0,0.0,1.0,0.0,0.0,0.0,0.0
604,160,3182,5,2004,600.0,151000.0,0.0,0.0,0.0,1.0,0.0,0.0,0.0,1.0
605,20,12803,5,2002,1494.0,221000.0,0.0,0.0,0.0,1.0,0.0,0.0,0.0,0.0
606,60,13600,6,1965,768.0,205000.0,0.0,0.0,0.0,1.0,0.0,0.0,0.0,0.0
607,20,12464,5,1996,1040.0,152000.0,0.0,0.0,0.0,0.0,0.0,0.0,0.0,0.0
608,20,7800,8,1948,896.0,225000.0,0.0,0.0,0.0,1.0,0.0,0.0,0.0,0.0
609,70,12168,6,1934,965.0,359100.0,0.0,0.0,0.0,1.0,0.0,0.0,0.0,0.0
610,20,7943,5,1961,1029.0,118500.0,0.0,0.0,0.0,1.0,0.0,0.0,0.0,0.0
611,60,11050,5,2000,1440.0,313000.0,0.0,0.0,0.0,1.0,0.0,0.0,0.0,0.0
612,80,10395,6,1978,1032.0,148000.0,0.0,1.0,0.0,0.0,0.0,0.0,0.0,0.0
613,60,11885,5,2001,1299.0,261500.0,0.0,0.0,0.0,1.0,0.0,0.0,0.0,0.0
614,20,8402,5,2007,1120.0,147000.0,0.0,0.0,0.0,1.0,0.0,0.0,0.0,0.0
615,180,1491,6,1972,630.0,75500.0,0.0,0.0,0.0,1.0,0.0,0.0,0.0,1.0
616,85,8800,7,1963,936.0,137500.0,0.0,0.0,0.0,1.0,0.0,0.0,0.0,0.0
617,60,7861,5,2002,783.0,183200.0,0.0,0.0,0.0,1.0,0.0,0.0,0.0,0.0
618,45,7227,6,1954,832.0,105500.0,0.0,0.0,0.0,0.0,0.0,0.0,0.0,0.0
619,20,11694,5,2007,1822.0,314813.0,0.0,0.0,0.0,1.0,0.0,0.0,0.0,0.0
620,60,12244,5,2003,1482.0,305000.0,0.0,0.0,0.0,1.0,0.0,0.0,0.0,0.0
621,30,8248,3,1914,864.0,67000.0,0.0,0.0,0.0,1.0,0.0,0.0,0.0,0.0
622,60,10800,7,1974,1522.0,240000.0,0.0,0.0,0.0,1.0,0.0,0.0,0.0,0.0
623,20,7064,6,1977,980.0,135000.0,0.0,0.0,0.0,1.0,0.0,0.0,0.0,0.0
624,160,2117,5,2000,756.0,168500.0,0.0,0.0,0.0,1.0,0.0,0.0,0.0,1.0
625,60,10400,5,1972,732.0,165150.0,0.0,0.0,0.0,1.0,0.0,0.0,0.0,0.0
626,20,10000,6,1962,1116.0,160000.0,0.0,0.0,0.0,0.0,0.0,0.0,0.0,0.0
627,20,12342,5,1960,978.0,139900.0,0.0,0.0,0.0,1.0,0.0,0.0,0.0,0.0
628,80,9600,6,1955,1156.0,153000.0,0.0,0.0,0.0,1.0,0.0,0.0,0.0,0.0
629,60,11606,5,1969,1040.0,135000.0,0.0,0.0,0.0,1.0,0.0,0.0,0.0,0.0
630,80,9020,5,1964,1248.0,168500.0,0.0,0.0,0.0,0.0,0.0,0.0,0.0,0.0
631,70,9000,6,1880,636.0,124000.0,0.0,0.0,0.0,0.0,0.0,0.0,0.0,0.0
632,120,4590,5,2006,1554.0,209500.0,0.0,0.0,0.0,1.0,0.0,0.0,1.0,0.0
633,20,11900,5,1977,1386.0,82500.0,0.0,0.0,0.0,1.0,0.0,0.0,0.0,0.0
634,20,9250,7,1954,1056.0,139400.0,0.0,0.0,0.0,0.0,0.0,0.0,0.0,0.0
635,90,6979,5,1980,1056.0,144000.0,0.0,0.0,0.0,1.0,0.0,1.0,0.0,0.0
636,190,10896,7,1914,1440.0,200000.0,0.0,0.0,0.0,1.0,1.0,0.0,0.0,0.0
637,30,6120,3,1936,264.0,60000.0,0.0,0.0,0.0,1.0,0.0,0.0,0.0,0.0
638,190,6000,4,1954,811.0,93000.0,0.0,0.0,0.0,1.0,1.0,0.0,0.0,0.0
639,30,8777,7,1910,796.0,85000.0,0.0,0.0,0.0,1.0,0.0,0.0,0.0,0.0
640,120,3982,5,2006,1520.0,264561.0,0.0,0.0,0.0,1.0,0.0,0.0,0.0,1.0
641,120,12677,5,2003,1518.0,274000.0,0.0,0.0,0.0,1.0,0.0,0.0,0.0,1.0
642,60,7050,5,2001,1057.0,226000.0,0.0,0.0,0.0,1.0,0.0,0.0,0.0,0.0
643,80,13860,7,1972,1952.0,345000.0,0.0,0.0,0.0,1.0,0.0,0.0,0.0,0.0
644,60,10793,5,1969,780.0,152000.0,0.0,0.0,0.0,1.0,0.0,0.0,0.0,0.0
645,20,9187,5,2009,1766.0,370878.0,0.0,0.0,0.0,1.0,0.0,0.0,0.0,0.0
646,20,10530,5,1971,981.0,143250.0,0.0,0.0,0.0,0.0,0.0,0.0,0.0,0.0
647,20,7200,5,1950,0.0,98300.0,0.0,0.0,0.0,1.0,0.0,0.0,0.0,0.0
648,20,10452,5,1953,1094.0,155000.0,0.0,0.0,0.0,1.0,0.0,0.0,0.0,0.0
649,60,7700,5,1966,756.0,155000.0,0.0,0.0,0.0,1.0,0.0,0.0,0.0,0.0
650,180,1936,6,1970,630.0,84500.0,0.0,0.0,0.0,1.0,0.0,0.0,1.0,0.0
651,60,8125,6,2007,813.0,205950.0,0.0,0.0,0.0,1.0,0.0,0.0,0.0,0.0
652,70,9084,5,1940,755.0,108000.0,0.0,0.0,0.0,1.0,0.0,0.0,0.0,0.0
653,60,8750,5,1996,880.0,191000.0,0.0,0.0,0.0,1.0,0.0,0.0,0.0,0.0
654,50,10320,7,1906,756.0,135000.0,0.0,0.0,0.0,1.0,0.0,0.0,0.0,0.0
655,20,10437,6,1995,2109.0,350000.0,0.0,0.0,0.0,1.0,0.0,0.0,0.0,0.0
656,160,1680,5,1971,525.0,88000.0,0.0,0.0,0.0,1.0,0.0,0.0,1.0,0.0
657,20,10007,7,1959,1053.0,145500.0,0.0,0.0,0.0,1.0,0.0,0.0,0.0,0.0
658,70,7200,6,1931,776.0,149000.0,0.0,0.0,0.0,1.0,0.0,0.0,0.0,0.0
659,50,17503,5,1948,912.0,97500.0,0.0,0.0,0.0,1.0,0.0,0.0,0.0,0.0
660,20,9937,7,1964,1486.0,167000.0,0.0,0.0,0.0,0.0,0.0,0.0,0.0,0.0
661,60,12384,7,1976,793.0,197900.0,1.0,0.0,0.0,0.0,0.0,0.0,0.0,0.0
662,60,46589,7,1994,1629.0,402000.0,1.0,0.0,0.0,0.0,0.0,0.0,0.0,0.0
663,20,13560,3,1968,1392.0,110000.0,0.0,0.0,0.0,0.0,0.0,0.0,0.0,0.0
664,85,10012,5,1972,1138.0,137500.0,0.0,0.0,0.0,1.0,0.0,0.0,0.0,0.0
665,20,20896,5,2005,2077.0,423000.0,1.0,0.0,0.0,0.0,0.0,0.0,0.0,0.0
666,60,11194,5,2000,1406.0,230500.0,0.0,0.0,0.0,0.0,0.0,0.0,0.0,0.0
667,60,18450,5,1965,1021.0,129000.0,0.0,0.0,0.0,1.0,0.0,0.0,0.0,0.0
668,20,8125,5,1994,1408.0,193500.0,0.0,0.0,0.0,1.0,0.0,0.0,0.0,0.0
669,20,14175,6,1956,1188.0,168000.0,0.0,0.0,0.0,0.0,0.0,0.0,0.0,0.0
670,30,11600,5,1922,700.0,137500.0,0.0,0.0,0.0,1.0,0.0,0.0,0.0,0.0
671,60,8633,5,2005,738.0,173500.0,0.0,1.0,0.0,0.0,0.0,0.0,0.0,0.0
672,70,6629,6,1925,672.0,103600.0,0.0,0.0,0.0,1.0,0.0,0.0,0.0,0.0
673,20,11250,6,1977,1208.0,165000.0,0.0,0.0,0.0,1.0,0.0,0.0,0.0,0.0
674,20,14442,7,1957,1477.0,257500.0,0.0,0.0,0.0,1.0,0.0,0.0,0.0,0.0
675,20,9200,6,1965,1136.0,140000.0,0.0,0.0,0.0,1.0,0.0,0.0,0.0,0.0
676,160,2289,6,1978,855.0,148500.0,0.0,0.0,0.0,1.0,0.0,0.0,1.0,0.0
677,70,9600,2,1900,1095.0,87000.0,0.0,0.0,0.0,1.0,0.0,0.0,0.0,0.0
678,30,9022,8,1924,768.0,109500.0,0.0,0.0,0.0,1.0,0.0,0.0,0.0,0.0
679,20,11844,5,2008,2046.0,372500.0,0.0,0.0,0.0,1.0,0.0,0.0,0.0,0.0
680,20,9945,5,1961,988.0,128500.0,0.0,0.0,0.0,1.0,0.0,0.0,0.0,0.0
681,120,8012,5,1980,923.0,143000.0,0.0,0.0,0.0,1.0,0.0,0.0,0.0,1.0
682,50,4500,5,1932,793.0,159434.0,0.0,0.0,0.0,1.0,0.0,0.0,0.0,0.0
683,120,2887,5,1996,1291.0,173000.0,0.0,0.0,0.0,1.0,0.0,0.0,0.0,0.0
684,20,11248,5,2002,1626.0,285000.0,0.0,0.0,0.0,0.0,0.0,0.0,0.0,0.0
685,60,16770,5,1998,1195.0,221000.0,1.0,0.0,0.0,0.0,0.0,0.0,0.0,0.0
686,160,5062,5,1984,1190.0,207500.0,1.0,0.0,0.0,0.0,0.0,0.0,0.0,1.0
687,60,10207,6,2007,874.0,227875.0,0.0,0.0,0.0,1.0,0.0,0.0,0.0,0.0
688,160,5105,5,2004,551.0,148800.0,0.0,1.0,0.0,0.0,0.0,0.0,0.0,1.0
689,20,8089,6,2007,1419.0,392000.0,0.0,0.0,0.0,1.0,0.0,0.0,0.0,0.0
690,120,7577,5,2005,1362.0,194700.0,0.0,0.0,0.0,0.0,0.0,0.0,0.0,1.0
691,120,4426,5,2004,848.0,141000.0,0.0,0.0,0.0,1.0,0.0,0.0,0.0,1.0
692,60,21535,6,1994,2444.0,755000.0,0.0,0.0,0.0,0.0,0.0,0.0,0.0,0.0
693,60,26178,5,1989,1210.0,335000.0,0.0,0.0,0.0,1.0,0.0,0.0,0.0,0.0
694,30,5400,6,1921,1073.0,108480.0,0.0,0.0,0.0,0.0,0.0,0.0,0.0,0.0
695,50,6120,6,1936,927.0,141500.0,0.0,0.0,0.0,0.0,0.0,0.0,0.0,0.0
696,20,13811,6,1987,1112.0,176000.0,0.0,0.0,0.0,1.0,0.0,0.0,0.0,0.0
697,30,6000,7,1921,616.0,89000.0,0.0,0.0,0.0,1.0,0.0,0.0,0.0,0.0
698,20,6420,7,1952,980.0,123500.0,0.0,0.0,0.0,1.0,0.0,0.0,0.0,0.0
699,20,8450,8,1965,894.0,138500.0,0.0,0.0,0.0,1.0,0.0,0.0,0.0,0.0
700,120,4282,5,2004,1391.0,196000.0,0.0,0.0,0.0,1.0,0.0,0.0,0.0,1.0
701,20,14331,5,2002,1800.0,312500.0,0.0,0.0,0.0,1.0,0.0,0.0,0.0,0.0
702,20,9600,5,1969,1164.0,140000.0,0.0,0.0,0.0,1.0,0.0,0.0,0.0,0.0
703,60,12438,5,2006,1234.0,361919.0,0.0,0.0,0.0,1.0,0.0,0.0,0.0,0.0
704,190,7630,9,1900,360.0,140000.0,0.0,0.0,0.0,1.0,1.0,0.0,0.0,0.0
705,20,8400,5,2004,1473.0,213000.0,0.0,0.0,0.0,1.0,0.0,0.0,0.0,0.0
706,190,5600,5,1930,0.0,55000.0,0.0,0.0,0.0,1.0,1.0,0.0,0.0,0.0
707,20,115149,5,1971,1643.0,302000.0,1.0,0.0,0.0,0.0,0.0,0.0,0.0,0.0
708,120,6240,5,2006,1324.0,254000.0,0.0,0.0,0.0,1.0,0.0,0.0,0.0,1.0
709,60,9018,5,2007,728.0,179540.0,0.0,0.0,0.0,1.0,0.0,0.0,0.0,0.0
710,20,7162,7,1966,876.0,109900.0,0.0,0.0,0.0,1.0,0.0,0.0,0.0,0.0
711,30,4130,6,1935,270.0,52000.0,0.0,0.0,0.0,1.0,0.0,0.0,0.0,0.0
712,50,8712,7,1900,859.0,102776.0,0.0,0.0,0.0,1.0,0.0,0.0,0.0,0.0
713,120,4671,5,1988,1228.0,189000.0,0.0,0.0,0.0,1.0,0.0,0.0,0.0,1.0
714,190,9873,5,1970,960.0,129000.0,0.0,0.0,0.0,1.0,1.0,0.0,0.0,0.0
715,60,13517,8,1976,725.0,130500.0,1.0,0.0,0.0,0.0,0.0,0.0,0.0,0.0
716,20,10140,5,1974,1064.0,165000.0,0.0,0.0,0.0,1.0,0.0,0.0,0.0,0.0
717,70,10800,8,1890,718.0,159500.0,0.0,0.0,0.0,1.0,0.0,0.0,0.0,0.0
718,20,10000,6,1973,1176.0,157000.0,0.0,0.0,0.0,1.0,0.0,0.0,0.0,0.0
719,60,10542,5,1993,1311.0,341000.0,0.0,0.0,0.0,1.0,0.0,0.0,0.0,0.0
720,20,9920,6,1969,971.0,128500.0,0.0,0.0,0.0,1.0,0.0,0.0,0.0,0.0
721,120,6563,5,1985,1742.0,275000.0,1.0,0.0,0.0,0.0,0.0,0.0,0.0,0.0
722,120,4426,5,2004,848.0,143000.0,0.0,0.0,0.0,1.0,0.0,0.0,0.0,1.0
723,20,8120,7,1970,864.0,124500.0,0.0,0.0,0.0,1.0,0.0,0.0,0.0,0.0
724,50,8172,6,1954,941.0,135000.0,0.0,0.0,0.0,1.0,0.0,0.0,0.0,0.0
725,20,13286,5,2007,1698.0,320000.0,0.0,0.0,0.0,1.0,0.0,0.0,0.0,0.0
726,20,6960,6,1970,864.0,120500.0,0.0,0.0,0.0,1.0,0.0,0.0,0.0,0.0
727,20,21695,9,1988,880.0,222000.0,0.0,0.0,0.0,0.0,0.0,0.0,0.0,0.0
728,20,7314,5,2007,1232.0,194500.0,0.0,0.0,0.0,1.0,0.0,0.0,0.0,0.0
729,90,11475,5,1958,1584.0,110000.0,0.0,0.0,0.0,0.0,0.0,1.0,0.0,0.0
730,30,6240,5,1925,780.0,103000.0,0.0,0.0,0.0,1.0,0.0,0.0,0.0,0.0
731,120,5389,5,1995,1595.0,236500.0,0.0,0.0,0.0,1.0,0.0,0.0,0.0,1.0
732,80,9590,5,2003,868.0,187500.0,0.0,0.0,0.0,0.0,0.0,0.0,0.0,0.0
733,60,11404,5,1998,1153.0,222500.0,0.0,0.0,0.0,1.0,0.0,0.0,0.0,0.0
734,20,10000,6,1961,864.0,131400.0,0.0,0.0,0.0,0.0,0.0,0.0,0.0,0.0
735,20,8978,5,1968,948.0,108000.0,0.0,0.0,0.0,0.0,0.0,0.0,0.0,0.0
736,75,10800,7,1914,880.0,163000.0,0.0,0.0,0.0,1.0,0.0,0.0,0.0,0.0
737,90,8544,4,1950,0.0,93500.0,0.0,0.0,0.0,1.0,0.0,1.0,0.0,0.0
738,60,10463,5,2005,893.0,239900.0,1.0,0.0,0.0,0.0,0.0,0.0,0.0,0.0
739,90,10800,5,1987,1200.0,179000.0,0.0,0.0,0.0,1.0,0.0,1.0,0.0,0.0
740,60,9313,5,2004,864.0,190000.0,0.0,0.0,0.0,1.0,0.0,0.0,0.0,0.0
741,70,9600,7,1910,264.0,132000.0,0.0,0.0,0.0,1.0,0.0,0.0,0.0,0.0
742,20,6768,8,1961,912.0,142000.0,0.0,0.0,0.0,1.0,0.0,0.0,0.0,0.0
743,20,8450,5,2000,1349.0,179000.0,0.0,0.0,0.0,1.0,0.0,0.0,0.0,0.0
744,80,12886,6,1963,520.0,175000.0,0.0,0.0,0.0,1.0,0.0,0.0,0.0,0.0
745,120,5395,5,1993,1337.0,180000.0,0.0,0.0,0.0,1.0,0.0,0.0,0.0,1.0
746,60,8963,9,1976,1142.0,299800.0,0.0,0.0,0.0,1.0,0.0,0.0,0.0,0.0
747,60,8795,5,2000,952.0,236000.0,0.0,0.0,0.0,1.0,0.0,0.0,0.0,0.0
748,70,11700,7,1880,1240.0,265979.0,0.0,0.0,0.0,0.0,0.0,0.0,0.0,0.0
749,20,10593,5,1996,1720.0,260400.0,0.0,0.0,0.0,1.0,0.0,0.0,0.0,0.0
750,50,8405,3,1945,0.0,98000.0,0.0,0.0,0.0,1.0,0.0,0.0,0.0,0.0
751,50,8800,7,1910,576.0,96500.0,0.0,0.0,0.0,0.0,0.0,0.0,0.0,0.0
752,60,7750,5,2003,660.0,162000.0,0.0,0.0,0.0,1.0,0.0,0.0,0.0,0.0
753,20,9236,5,1997,1479.0,217000.0,0.0,0.0,0.0,1.0,0.0,0.0,0.0,0.0
754,60,10240,5,2005,1030.0,275500.0,0.0,0.0,0.0,1.0,0.0,0.0,0.0,0.0
755,20,7930,8,1969,1026.0,156000.0,0.0,0.0,0.0,1.0,0.0,0.0,0.0,0.0
756,160,3230,5,1999,729.0,172500.0,0.0,0.0,0.0,1.0,0.0,0.0,0.0,1.0
757,60,10769,5,2007,866.0,212000.0,0.0,0.0,0.0,1.0,0.0,0.0,0.0,0.0
758,60,11616,5,1978,672.0,158900.0,1.0,0.0,0.0,0.0,0.0,0.0,0.0,0.0
759,160,2280,5,1999,744.0,179400.0,0.0,0.0,0.0,1.0,0.0,0.0,1.0,0.0
760,60,12257,5,1995,1318.0,290000.0,0.0,0.0,0.0,1.0,0.0,0.0,0.0,0.0
761,20,9100,6,1959,864.0,127500.0,0.0,0.0,0.0,1.0,0.0,0.0,0.0,0.0
762,30,6911,5,1924,1145.0,100000.0,0.0,1.0,0.0,0.0,0.0,0.0,0.0,0.0
763,60,8640,5,2009,756.0,215200.0,0.0,0.0,0.0,1.0,0.0,0.0,0.0,0.0
764,60,9430,5,1999,1252.0,337000.0,0.0,0.0,0.0,1.0,0.0,0.0,0.0,0.0
765,120,9549,5,1995,1494.0,270000.0,1.0,0.0,0.0,0.0,0.0,0.0,0.0,1.0
766,20,14587,5,2008,1498.0,264132.0,0.0,0.0,0.0,1.0,0.0,0.0,0.0,0.0
767,60,10421,5,1988,980.0,196500.0,0.0,0.0,0.0,1.0,0.0,0.0,0.0,0.0
768,50,12508,7,1940,983.0,160000.0,0.0,0.0,0.0,1.0,0.0,0.0,0.0,0.0
769,20,9100,5,2004,1860.0,216837.0,0.0,0.0,0.0,1.0,0.0,0.0,0.0,0.0
770,60,53504,5,2003,1650.0,538000.0,1.0,0.0,0.0,0.0,0.0,0.0,0.0,0.0
771,85,7252,5,1982,858.0,134900.0,1.0,0.0,0.0,0.0,0.0,0.0,0.0,0.0
772,20,8877,5,1951,836.0,102000.0,0.0,0.0,0.0,1.0,0.0,0.0,0.0,0.0
773,80,7819,5,1976,1029.0,107000.0,0.0,0.0,0.0,1.0,0.0,0.0,0.0,0.0
774,20,10150,5,1958,912.0,114500.0,0.0,0.0,0.0,1.0,0.0,0.0,0.0,0.0
775,20,14226,5,2006,1935.0,395000.0,0.0,0.0,0.0,0.0,0.0,0.0,0.0,0.0
776,120,4500,5,1998,1204.0,162000.0,0.0,1.0,0.0,0.0,0.0,0.0,0.0,1.0
777,20,11210,5,2005,1614.0,221500.0,0.0,0.0,0.0,1.0,0.0,0.0,0.0,0.0
778,20,13350,5,1974,864.0,142500.0,0.0,0.0,0.0,1.0,0.0,0.0,0.0,0.0
779,90,8400,5,1977,0.0,144000.0,0.0,0.0,0.0,1.0,0.0,1.0,0.0,0.0
780,90,10530,5,1977,975.0,135000.0,0.0,0.0,0.0,1.0,0.0,1.0,0.0,0.0
781,20,7875,5,1995,1237.0,176000.0,0.0,0.0,0.0,1.0,0.0,0.0,0.0,0.0
782,60,7153,5,1992,761.0,175900.0,0.0,0.0,0.0,1.0,0.0,0.0,0.0,0.0
783,20,16285,5,2001,1413.0,187100.0,0.0,0.0,0.0,1.0,0.0,0.0,0.0,0.0
784,85,9101,6,1978,1097.0,165500.0,0.0,0.0,0.0,0.0,0.0,0.0,0.0,0.0
785,75,6300,6,1914,742.0,128000.0,0.0,0.0,0.0,1.0,0.0,0.0,0.0,0.0
786,20,9790,5,1967,1372.0,161500.0,0.0,0.0,0.0,1.0,0.0,0.0,0.0,0.0
787,50,10800,6,1915,686.0,139000.0,0.0,0.0,0.0,1.0,0.0,0.0,0.0,0.0
788,60,10142,5,2004,956.0,233000.0,0.0,0.0,0.0,1.0,0.0,0.0,0.0,0.0
789,20,6000,7,1954,901.0,107900.0,0.0,0.0,0.0,0.0,0.0,0.0,0.0,0.0
790,60,12205,8,1966,832.0,187500.0,0.0,0.0,0.0,1.0,0.0,0.0,0.0,0.0
791,120,3182,5,2005,1145.0,160200.0,0.0,0.0,0.0,1.0,0.0,0.0,0.0,1.0
792,80,11333,5,1976,1029.0,146800.0,0.0,0.0,0.0,0.0,0.0,0.0,0.0,0.0
793,60,9920,5,1996,1117.0,269790.0,1.0,0.0,0.0,0.0,0.0,0.0,0.0,0.0
794,20,9158,5,2007,1496.0,225000.0,0.0,0.0,0.0,1.0,0.0,0.0,0.0,0.0
795,60,10832,5,1994,712.0,194500.0,0.0,0.0,0.0,0.0,0.0,0.0,0.0,0.0
796,60,8400,6,1980,650.0,171000.0,0.0,0.0,0.0,1.0,0.0,0.0,0.0,0.0
797,20,8197,5,1977,660.0,143500.0,0.0,0.0,0.0,1.0,0.0,0.0,0.0,0.0
798,20,7677,5,1953,773.0,110000.0,0.0,0.0,0.0,1.0,0.0,0.0,0.0,0.0
799,60,13518,5,2008,1926.0,485000.0,0.0,0.0,0.0,1.0,0.0,0.0,0.0,0.0
800,50,7200,7,1937,731.0,175000.0,0.0,0.0,0.0,0.0,0.0,0.0,0.0,0.0
801,60,12798,5,1997,616.0,200000.0,0.0,0.0,0.0,1.0,0.0,0.0,0.0,0.0
802,30,4800,7,1916,1196.0,109900.0,0.0,0.0,0.0,1.0,0.0,0.0,0.0,0.0
803,60,8199,5,2005,728.0,189000.0,0.0,0.0,0.0,1.0,0.0,0.0,0.0,0.0
804,60,13891,5,2008,1734.0,582933.0,0.0,0.0,0.0,1.0,0.0,0.0,0.0,0.0
805,20,9000,5,1954,936.0,118000.0,0.0,0.0,0.0,1.0,0.0,0.0,0.0,0.0
806,20,12274,5,2008,1417.0,227680.0,0.0,1.0,0.0,0.0,0.0,0.0,0.0,0.0
807,80,9750,5,1967,980.0,135500.0,0.0,0.0,0.0,1.0,0.0,0.0,0.0,0.0
808,70,21384,6,1923,1324.0,223500.0,0.0,0.0,0.0,1.0,0.0,0.0,0.0,0.0
809,80,13400,5,1966,1024.0,159950.0,0.0,0.0,0.0,1.0,0.0,0.0,0.0,0.0
810,75,8100,5,1898,849.0,106000.0,0.0,0.0,0.0,0.0,0.0,0.0,0.0,0.0
811,20,10140,6,1974,1040.0,181000.0,0.0,0.0,0.0,1.0,0.0,0.0,0.0,0.0
812,120,4438,5,2004,848.0,144500.0,0.0,0.0,0.0,1.0,0.0,0.0,0.0,1.0
813,20,8712,5,1952,540.0,55993.0,0.0,0.0,0.0,1.0,0.0,0.0,0.0,0.0
814,20,9750,6,1958,1442.0,157900.0,0.0,0.0,0.0,1.0,0.0,0.0,0.0,0.0
815,50,8248,7,1918,686.0,116000.0,0.0,0.0,0.0,1.0,0.0,0.0,0.0,0.0
816,20,12137,5,1998,1649.0,224900.0,1.0,0.0,0.0,0.0,0.0,0.0,0.0,0.0
817,20,11425,6,1954,1008.0,137000.0,0.0,0.0,0.0,0.0,0.0,0.0,0.0,0.0
818,20,13265,5,2002,1568.0,271000.0,1.0,0.0,0.0,0.0,0.0,0.0,0.0,0.0
819,80,8816,7,1971,1010.0,155000.0,0.0,0.0,0.0,1.0,0.0,0.0,0.0,0.0
820,120,6371,5,2009,1358.0,224000.0,0.0,0.0,0.0,1.0,0.0,0.0,0.0,1.0
821,60,7226,5,2003,798.0,183000.0,1.0,0.0,0.0,0.0,0.0,0.0,0.0,0.0
822,20,6000,4,1953,936.0,93000.0,0.0,0.0,0.0,1.0,1.0,0.0,0.0,0.0
823,60,12394,5,2003,847.0,225000.0,0.0,0.0,0.0,0.0,0.0,0.0,0.0,0.0
824,50,9900,7,1940,778.0,139500.0,0.0,0.0,0.0,1.0,0.0,0.0,0.0,0.0
825,20,11216,5,2006,1489.0,232600.0,0.0,0.0,0.0,1.0,0.0,0.0,0.0,0.0
826,20,14803,5,2007,2078.0,385000.0,0.0,0.0,0.0,1.0,0.0,0.0,0.0,0.0
827,45,6130,6,1924,784.0,109500.0,0.0,0.0,0.0,1.0,0.0,0.0,0.0,0.0
828,20,8529,5,2001,1454.0,189000.0,0.0,0.0,0.0,1.0,0.0,0.0,0.0,0.0
829,60,28698,5,1967,1013.0,185000.0,1.0,0.0,0.0,0.0,0.0,0.0,0.0,0.0
830,160,2544,5,2005,600.0,147400.0,0.0,0.0,0.0,1.0,0.0,0.0,1.0,0.0
831,20,11900,5,1957,1392.0,166000.0,0.0,0.0,0.0,0.0,0.0,0.0,0.0,0.0
832,160,3180,5,2005,600.0,151000.0,0.0,0.0,0.0,1.0,0.0,0.0,0.0,1.0
833,60,9548,6,2003,941.0,237000.0,1.0,0.0,0.0,0.0,0.0,0.0,0.0,0.0
834,20,10004,6,1964,1516.0,167000.0,0.0,0.0,0.0,1.0,0.0,0.0,0.0,0.0
835,20,7875,6,1961,1144.0,139950.0,0.0,0.0,0.0,1.0,0.0,0.0,0.0,0.0
836,20,9600,7,1950,1067.0,128000.0,0.0,0.0,0.0,1.0,0.0,0.0,0.0,0.0
837,30,8100,6,1948,1559.0,153500.0,0.0,0.0,0.0,1.0,0.0,0.0,0.0,0.0
838,160,1680,5,1973,483.0,100000.0,0.0,0.0,0.0,1.0,0.0,0.0,1.0,0.0
839,20,9525,6,1995,1099.0,144000.0,0.0,0.0,0.0,1.0,0.0,0.0,0.0,0.0
840,50,11767,6,1946,768.0,130500.0,0.0,0.0,0.0,1.0,0.0,0.0,0.0,0.0
841,70,12155,8,1925,672.0,140000.0,0.0,0.0,0.0,1.0,0.0,0.0,0.0,0.0
842,70,10440,8,1904,650.0,157500.0,0.0,0.0,0.0,1.0,0.0,0.0,0.0,0.0
843,80,9020,7,1966,1127.0,174900.0,0.0,0.0,0.0,1.0,0.0,0.0,0.0,0.0
844,90,8000,4,1961,1800.0,141000.0,0.0,0.0,0.0,0.0,0.0,1.0,0.0,0.0
845,50,12665,8,1915,876.0,153900.0,0.0,0.0,0.0,1.0,0.0,0.0,0.0,0.0
846,85,16647,5,1975,1390.0,171000.0,1.0,0.0,0.0,0.0,0.0,0.0,0.0,0.0
847,60,9317,5,1993,740.0,213000.0,0.0,0.0,0.0,1.0,0.0,0.0,0.0,0.0
848,20,15523,6,1972,864.0,133500.0,1.0,0.0,0.0,0.0,0.0,0.0,0.0,0.0
849,50,45600,8,1908,907.0,240000.0,0.0,0.0,0.0,1.0,0.0,0.0,0.0,0.0
850,80,9600,7,1976,528.0,187000.0,0.0,1.0,0.0,0.0,0.0,0.0,0.0,0.0
851,120,4435,5,2003,848.0,131500.0,0.0,0.0,0.0,1.0,0.0,0.0,0.0,1.0
852,120,3196,5,2003,1273.0,215000.0,0.0,0.0,0.0,1.0,0.0,0.0,0.0,1.0
853,75,7128,5,1941,918.0,164000.0,0.0,0.0,0.0,1.0,0.0,0.0,0.0,0.0
854,80,12095,6,1964,1127.0,158000.0,0.0,0.0,0.0,0.0,0.0,0.0,0.0,0.0
855,20,17920,4,1955,1763.0,170000.0,0.0,0.0,0.0,1.0,0.0,0.0,0.0,0.0
856,20,6897,8,1962,1040.0,127000.0,0.0,0.0,0.0,0.0,0.0,0.0,0.0,0.0
857,80,10970,6,1978,940.0,147000.0,0.0,0.0,0.0,1.0,0.0,0.0,0.0,0.0
858,60,8125,5,1994,702.0,174000.0,0.0,0.0,0.0,1.0,0.0,0.0,0.0,0.0
859,20,10400,5,1976,1090.0,152000.0,0.0,0.0,0.0,1.0,0.0,0.0,0.0,0.0
860,60,11029,7,1968,1054.0,250000.0,0.0,0.0,0.0,0.0,0.0,0.0,0.0,0.0
861,50,7642,8,1918,912.0,189950.0,0.0,0.0,0.0,0.0,0.0,0.0,0.0,0.0
862,190,11625,4,1965,1039.0,131500.0,0.0,0.0,0.0,1.0,1.0,0.0,0.0,0.0
863,20,9672,5,1984,1040.0,152000.0,0.0,0.0,0.0,0.0,0.0,0.0,0.0,0.0
864,20,7931,5,1959,1148.0,132500.0,0.0,0.0,0.0,1.0,0.0,0.0,0.0,0.0
865,20,8640,5,2007,1372.0,250580.0,0.0,0.0,0.0,1.0,0.0,0.0,0.0,0.0
866,20,8750,6,1970,1002.0,148500.0,0.0,0.0,0.0,1.0,0.0,0.0,0.0,0.0
867,20,10656,5,2006,1638.0,248900.0,0.0,0.0,0.0,1.0,0.0,0.0,0.0,0.0
868,20,6970,5,1961,1040.0,129000.0,0.0,0.0,0.0,0.0,0.0,0.0,0.0,0.0
869,60,14762,6,1948,0.0,169000.0,0.0,0.0,0.0,0.0,0.0,0.0,0.0,0.0
870,60,9938,5,1993,1050.0,236000.0,0.0,0.0,0.0,1.0,0.0,0.0,0.0,0.0
871,20,6600,5,1962,894.0,109500.0,0.0,0.0,0.0,1.0,0.0,0.0,0.0,0.0
872,60,8750,5,1998,804.0,200500.0,0.0,0.0,0.0,1.0,0.0,0.0,0.0,0.0
873,20,8892,7,1953,105.0,116000.0,0.0,0.0,0.0,0.0,0.0,0.0,0.0,0.0
874,40,12144,7,1949,832.0,133000.0,0.0,0.0,0.0,1.0,0.0,0.0,0.0,0.0
875,50,5720,6,1941,676.0,66500.0,0.0,0.0,0.0,1.0,0.0,0.0,0.0,0.0
876,60,9000,5,2007,1184.0,303477.0,0.0,0.0,0.0,1.0,0.0,0.0,0.0,0.0
877,20,25286,5,1963,1064.0,132250.0,0.0,0.0,0.0,1.0,0.0,0.0,0.0,0.0
878,60,8834,5,2004,1462.0,350000.0,0.0,0.0,0.0,1.0,0.0,0.0,0.0,0.0
879,85,11782,7,1961,1109.0,148000.0,0.0,0.0,0.0,1.0,0.0,0.0,0.0,0.0
880,20,7000,8,1978,864.0,136500.0,1.0,0.0,0.0,0.0,0.0,0.0,0.0,0.0
881,20,7024,5,2005,1090.0,157000.0,0.0,0.0,0.0,1.0,0.0,0.0,0.0,0.0
882,50,13758,5,1990,1156.0,187500.0,1.0,0.0,0.0,0.0,0.0,0.0,0.0,0.0
883,60,9636,5,1992,808.0,178000.0,0.0,0.0,0.0,0.0,0.0,0.0,0.0,0.0
884,75,6204,5,1912,795.0,118500.0,0.0,0.0,0.0,1.0,0.0,0.0,0.0,0.0
885,20,7150,5,1967,892.0,100000.0,0.0,0.0,0.0,1.0,0.0,0.0,0.0,0.0
886,120,5119,5,1999,1698.0,328900.0,1.0,0.0,0.0,0.0,0.0,0.0,0.0,1.0
887,90,8393,5,1959,1626.0,145000.0,0.0,0.0,0.0,0.0,0.0,1.0,0.0,0.0
888,50,16466,7,1955,816.0,135500.0,0.0,0.0,0.0,1.0,0.0,0.0,0.0,0.0
889,20,15865,6,1970,2217.0,268000.0,0.0,0.0,0.0,1.0,0.0,0.0,0.0,0.0
890,20,12160,4,1953,1505.0,149500.0,0.0,0.0,0.0,1.0,0.0,0.0,0.0,0.0
891,50,8064,7,1949,672.0,122900.0,0.0,0.0,0.0,0.0,0.0,0.0,0.0,0.0
892,60,11184,5,1978,918.0,172500.0,0.0,0.0,0.0,1.0,0.0,0.0,0.0,0.0
893,20,8414,8,1963,1059.0,154500.0,0.0,0.0,0.0,1.0,0.0,0.0,0.0,0.0
894,20,13284,5,1954,1383.0,165000.0,0.0,0.0,0.0,1.0,0.0,0.0,0.0,0.0
895,90,7018,5,1979,0.0,118858.0,0.0,0.0,0.0,1.0,0.0,1.0,0.0,0.0
896,60,7056,5,1963,780.0,140000.0,0.0,0.0,0.0,1.0,0.0,0.0,0.0,0.0
897,30,8765,6,1936,951.0,106500.0,0.0,0.0,0.0,1.0,0.0,0.0,0.0,0.0
898,90,7018,5,1979,0.0,142953.0,0.0,0.0,0.0,1.0,0.0,1.0,0.0,0.0
899,20,12919,5,2009,2330.0,611657.0,0.0,0.0,0.0,1.0,0.0,0.0,0.0,0.0
900,20,6993,7,1961,912.0,135000.0,0.0,0.0,0.0,1.0,0.0,0.0,0.0,0.0
901,20,7340,6,1971,858.0,110000.0,0.0,0.0,0.0,1.0,0.0,0.0,0.0,0.0
902,20,8712,7,1957,992.0,153000.0,0.0,0.0,0.0,1.0,0.0,0.0,0.0,0.0
903,60,7875,5,2003,783.0,180000.0,0.0,0.0,0.0,1.0,0.0,0.0,0.0,0.0
904,20,14859,5,2006,1670.0,240000.0,1.0,0.0,0.0,0.0,0.0,0.0,0.0,0.0
905,20,6173,6,1967,876.0,125500.0,0.0,0.0,0.0,1.0,0.0,0.0,0.0,0.0
906,20,9920,5,1954,1056.0,128000.0,0.0,0.0,0.0,1.0,0.0,0.0,0.0,0.0
907,20,13501,5,2006,1623.0,255000.0,0.0,0.0,0.0,0.0,0.0,0.0,0.0,0.0
908,50,11500,7,1936,1017.0,250000.0,0.0,0.0,0.0,1.0,0.0,0.0,0.0,0.0
909,20,8885,5,1983,864.0,131000.0,0.0,0.0,0.0,1.0,0.0,0.0,0.0,0.0
910,60,12589,5,2005,742.0,174000.0,0.0,0.0,0.0,1.0,0.0,0.0,0.0,0.0
911,90,11600,5,1960,1105.0,154300.0,0.0,0.0,0.0,0.0,0.0,1.0,0.0,0.0
912,20,9286,7,1977,1268.0,143500.0,1.0,0.0,0.0,0.0,0.0,0.0,0.0,0.0
913,30,6120,7,1925,768.0,88000.0,0.0,0.0,0.0,1.0,0.0,0.0,0.0,0.0
914,90,6270,6,1949,1001.0,145000.0,0.0,0.0,0.0,1.0,0.0,1.0,0.0,0.0
915,160,3000,5,2009,612.0,173733.0,0.0,0.0,0.0,1.0,0.0,0.0,0.0,1.0
916,160,2001,5,1970,546.0,75000.0,0.0,0.0,0.0,1.0,0.0,0.0,1.0,0.0
917,20,9000,3,1949,480.0,35311.0,0.0,0.0,0.0,1.0,0.0,0.0,0.0,0.0
918,20,17140,6,1956,1134.0,135000.0,0.0,0.0,0.0,1.0,0.0,0.0,0.0,0.0
919,60,13125,5,1991,1104.0,238000.0,0.0,0.0,0.0,0.0,0.0,0.0,0.0,0.0
920,20,11029,8,1958,1184.0,176500.0,0.0,0.0,0.0,0.0,0.0,0.0,0.0,0.0
921,60,8462,5,1994,928.0,201000.0,0.0,0.0,0.0,1.0,0.0,0.0,0.0,0.0
922,90,8777,7,1900,1272.0,145900.0,0.0,0.0,0.0,1.0,0.0,1.0,0.0,0.0
923,20,10237,5,2005,1316.0,169990.0,0.0,0.0,0.0,1.0,0.0,0.0,0.0,0.0
924,120,8012,5,1993,1604.0,193000.0,0.0,0.0,0.0,1.0,0.0,0.0,0.0,1.0
925,20,10240,6,1980,1686.0,207500.0,0.0,0.0,0.0,1.0,0.0,0.0,0.0,0.0
926,20,15611,6,1977,1126.0,175000.0,0.0,0.0,0.0,0.0,0.0,0.0,0.0,0.0
927,60,11999,5,2003,1181.0,285000.0,0.0,0.0,0.0,1.0,0.0,0.0,0.0,0.0
928,60,9900,5,1968,832.0,176000.0,0.0,0.0,0.0,1.0,0.0,0.0,0.0,0.0
929,20,11838,5,2001,1753.0,236500.0,0.0,0.0,0.0,1.0,0.0,0.0,0.0,0.0
930,60,13006,5,1997,964.0,222000.0,0.0,0.0,0.0,0.0,0.0,0.0,0.0,0.0
931,20,8925,5,2007,1466.0,201000.0,0.0,0.0,0.0,1.0,0.0,0.0,0.0,0.0
932,20,9100,6,1965,925.0,117500.0,0.0,0.0,0.0,1.0,0.0,0.0,0.0,0.0
933,20,11670,5,2006,1905.0,320000.0,0.0,0.0,0.0,0.0,0.0,0.0,0.0,0.0
934,20,8487,5,2004,1500.0,190000.0,0.0,1.0,0.0,0.0,0.0,0.0,0.0,0.0
935,20,27650,7,1960,585.0,242000.0,0.0,0.0,0.0,1.0,0.0,0.0,0.0,0.0
936,30,5825,5,1926,600.0,79900.0,0.0,0.0,0.0,1.0,0.0,0.0,0.0,0.0
937,20,10083,5,2003,1176.0,184900.0,0.0,0.0,0.0,1.0,0.0,0.0,0.0,0.0
938,60,9675,5,2005,1113.0,253000.0,0.0,0.0,0.0,1.0,0.0,0.0,0.0,0.0
939,60,8760,5,2006,1391.0,239799.0,0.0,0.0,0.0,1.0,0.0,0.0,0.0,0.0
940,70,24090,7,1940,1032.0,244400.0,0.0,0.0,0.0,1.0,0.0,0.0,0.0,0.0
941,90,12640,5,1976,1728.0,150900.0,0.0,0.0,0.0,1.0,0.0,1.0,0.0,0.0
942,60,8755,5,1999,992.0,214000.0,0.0,1.0,0.0,0.0,0.0,0.0,0.0,0.0
943,90,7711,3,1977,1440.0,150000.0,0.0,0.0,0.0,1.0,0.0,1.0,0.0,0.0
944,90,25000,4,1967,1632.0,143000.0,0.0,0.0,0.0,1.0,0.0,1.0,0.0,0.0
945,20,14375,6,1958,819.0,137500.0,1.0,0.0,0.0,0.0,0.0,0.0,0.0,0.0
946,50,8820,6,1890,1088.0,124900.0,0.0,0.0,0.0,0.0,0.0,0.0,0.0,0.0
947,80,8163,6,1959,1144.0,143000.0,0.0,0.0,0.0,1.0,0.0,0.0,0.0,0.0
948,20,14536,5,2002,1616.0,270000.0,0.0,0.0,0.0,1.0,0.0,0.0,0.0,0.0
949,60,14006,5,2002,936.0,192500.0,0.0,0.0,0.0,1.0,0.0,0.0,0.0,0.0
950,20,9360,7,1972,1161.0,197500.0,0.0,0.0,0.0,1.0,0.0,0.0,0.0,0.0
951,20,7200,8,1950,864.0,129000.0,0.0,0.0,0.0,1.0,0.0,0.0,0.0,0.0
952,20,7800,5,1965,828.0,119900.0,0.0,0.0,0.0,0.0,0.0,0.0,0.0,0.0
953,85,7200,8,1972,768.0,133900.0,0.0,0.0,0.0,1.0,0.0,0.0,0.0,0.0
954,60,11075,4,1969,784.0,172000.0,0.0,0.0,0.0,1.0,0.0,0.0,0.0,0.0
955,90,9400,5,1975,945.0,127500.0,1.0,0.0,0.0,0.0,0.0,1.0,0.0,0.0
956,90,7136,6,1946,979.0,145000.0,0.0,0.0,0.0,1.0,0.0,1.0,0.0,0.0
957,160,1300,6,1980,561.0,124000.0,0.0,0.0,0.0,1.0,0.0,0.0,0.0,1.0
958,20,7420,5,1962,1057.0,132000.0,0.0,0.0,0.0,1.0,0.0,0.0,0.0,0.0
959,20,8450,5,2003,1337.0,185000.0,0.0,0.0,0.0,1.0,0.0,0.0,0.0,0.0
960,160,2572,5,1999,696.0,155000.0,0.0,1.0,0.0,0.0,0.0,0.0,1.0,0.0
961,20,7207,7,1958,858.0,116500.0,0.0,0.0,0.0,1.0,0.0,0.0,0.0,0.0
962,60,12227,7,1977,1330.0,272000.0,0.0,0.0,0.0,0.0,0.0,0.0,0.0,0.0
963,160,2308,6,1976,804.0,155000.0,0.0,0.0,0.0,0.0,0.0,0.0,0.0,1.0
964,20,11923,5,2007,1800.0,239000.0,0.0,0.0,0.0,0.0,0.0,0.0,0.0,0.0
965,60,11316,5,2002,817.0,214900.0,0.0,0.0,0.0,0.0,0.0,0.0,0.0,0.0
966,60,10237,5,2005,783.0,178900.0,0.0,0.0,0.0,1.0,0.0,0.0,0.0,0.0
967,50,9600,7,1940,728.0,160000.0,0.0,0.0,0.0,1.0,0.0,0.0,0.0,0.0
968,20,7390,7,1955,1098.0,135000.0,0.0,0.0,0.0,1.0,0.0,0.0,0.0,0.0
969,50,5925,6,1910,600.0,37900.0,0.0,0.0,0.0,1.0,0.0,0.0,0.0,0.0
970,190,10382,5,1958,588.0,140000.0,0.0,0.0,0.0,1.0,1.0,0.0,0.0,0.0
971,50,10800,4,1949,720.0,135000.0,0.0,0.0,0.0,1.0,0.0,0.0,0.0,0.0
972,160,2268,5,2003,764.0,173000.0,0.0,0.0,0.0,1.0,0.0,0.0,1.0,0.0
973,120,7892,5,1979,918.0,99500.0,0.0,0.0,0.0,1.0,0.0,0.0,0.0,1.0
974,20,11639,5,2007,1428.0,182000.0,0.0,0.0,0.0,0.0,0.0,0.0,0.0,0.0
975,70,11414,8,1910,728.0,167500.0,0.0,0.0,0.0,0.0,0.0,0.0,0.0,0.0
976,160,2651,5,2000,673.0,165000.0,0.0,1.0,0.0,0.0,0.0,0.0,1.0,0.0
977,30,5900,7,1923,440.0,85500.0,0.0,0.0,0.0,1.0,0.0,0.0,0.0,0.0
978,120,4274,5,2006,1241.0,199900.0,0.0,0.0,0.0,1.0,0.0,0.0,0.0,1.0
979,20,9450,5,1954,894.0,110000.0,0.0,0.0,0.0,1.0,0.0,0.0,0.0,0.0
980,20,8816,6,1963,1121.0,139000.0,0.0,0.0,0.0,0.0,0.0,0.0,0.0,0.0
981,85,12122,9,1961,944.0,178400.0,0.0,0.0,0.0,0.0,0.0,0.0,0.0,0.0
982,60,12203,5,1998,1225.0,336000.0,0.0,0.0,0.0,0.0,0.0,0.0,0.0,0.0
983,20,3182,5,2007,1266.0,159895.0,0.0,0.0,0.0,1.0,0.0,0.0,0.0,0.0
984,60,11250,5,2002,1128.0,255900.0,0.0,0.0,0.0,0.0,0.0,0.0,0.0,0.0
985,90,10125,5,1977,0.0,126000.0,0.0,0.0,0.0,1.0,0.0,1.0,0.0,0.0
986,190,10880,5,1950,1164.0,125000.0,0.0,0.0,0.0,1.0,1.0,0.0,0.0,0.0
987,50,5310,8,1910,485.0,117000.0,0.0,0.0,0.0,0.0,0.0,0.0,0.0,0.0
988,20,10159,5,2009,1930.0,395192.0,0.0,0.0,0.0,1.0,0.0,0.0,0.0,0.0
989,60,12046,6,1976,848.0,195000.0,0.0,0.0,0.0,1.0,0.0,0.0,0.0,0.0
990,60,8125,5,2006,770.0,197000.0,0.0,0.0,0.0,1.0,0.0,0.0,0.0,0.0
991,60,9452,5,1997,1396.0,348000.0,0.0,0.0,0.0,1.0,0.0,0.0,0.0,0.0
992,70,17671,9,1882,916.0,168000.0,0.0,0.0,0.0,0.0,0.0,0.0,0.0,0.0
993,60,9760,8,1964,822.0,187000.0,0.0,0.0,0.0,1.0,0.0,0.0,0.0,0.0
994,60,8846,5,2005,750.0,173900.0,0.0,0.0,0.0,1.0,0.0,0.0,0.0,0.0
995,20,12456,5,2006,1700.0,337500.0,0.0,1.0,0.0,0.0,0.0,0.0,0.0,0.0
996,50,4712,7,1946,747.0,121600.0,0.0,0.0,0.0,1.0,0.0,0.0,0.0,0.0
997,20,10659,6,1961,1050.0,136500.0,0.0,0.0,0.0,1.0,0.0,0.0,0.0,0.0
998,20,11717,6,1970,1442.0,185000.0,0.0,0.0,0.0,1.0,0.0,0.0,0.0,0.0
999,30,9786,4,1922,1007.0,91000.0,0.0,0.0,0.0,1.0,0.0,0.0,0.0,0.0
1000,20,6762,5,2006,1187.0,206000.0,0.0,0.0,0.0,1.0,0.0,0.0,0.0,0.0
1001,20,10206,3,1952,0.0,82000.0,0.0,0.0,0.0,0.0,0.0,0.0,0.0,0.0
1002,30,5400,6,1920,691.0,86000.0,0.0,0.0,0.0,0.0,0.0,0.0,0.0,0.0
1003,20,11957,5,2006,1574.0,232000.0,0.0,0.0,0.0,1.0,0.0,0.0,0.0,0.0
1004,90,11500,6,1976,1680.0,136905.0,0.0,0.0,0.0,0.0,0.0,1.0,0.0,0.0
1005,120,3182,5,2005,1346.0,181000.0,0.0,0.0,0.0,1.0,0.0,0.0,0.0,1.0
1006,80,8385,8,1977,985.0,149900.0,0.0,0.0,0.0,1.0,0.0,0.0,0.0,0.0
1007,20,12155,3,1970,1657.0,163500.0,0.0,0.0,0.0,1.0,0.0,0.0,0.0,0.0
1008,160,2217,4,1970,546.0,88000.0,0.0,0.0,0.0,1.0,0.0,0.0,0.0,1.0
1009,20,12118,5,2004,1710.0,240000.0,1.0,0.0,0.0,0.0,0.0,0.0,0.0,0.0
1010,50,6000,5,1926,1008.0,102000.0,0.0,0.0,0.0,1.0,0.0,0.0,0.0,0.0
1011,50,21286,5,1948,720.0,135000.0,0.0,0.0,0.0,1.0,0.0,0.0,0.0,0.0
1012,90,9825,5,1965,0.0,100000.0,0.0,0.0,0.0,1.0,0.0,1.0,0.0,0.0
1013,70,10592,7,1923,602.0,165000.0,0.0,0.0,0.0,1.0,0.0,0.0,0.0,0.0
1014,30,7200,4,1910,1022.0,85000.0,0.0,0.0,0.0,1.0,0.0,0.0,0.0,0.0
1015,20,11664,5,1948,1082.0,119200.0,0.0,0.0,0.0,1.0,0.0,0.0,0.0,0.0
1016,60,8400,6,2001,810.0,227000.0,0.0,0.0,0.0,1.0,0.0,0.0,0.0,0.0
1017,20,11883,5,1996,1504.0,203000.0,0.0,0.0,0.0,1.0,0.0,0.0,0.0,0.0
1018,120,5814,5,1984,1220.0,187500.0,1.0,0.0,0.0,0.0,0.0,0.0,0.0,1.0
1019,80,10784,5,1991,384.0,160000.0,0.0,1.0,0.0,0.0,0.0,0.0,0.0,0.0
1020,120,3013,5,2005,1362.0,213490.0,0.0,0.0,0.0,1.0,0.0,0.0,0.0,1.0
1021,20,7024,5,2005,1132.0,176000.0,0.0,0.0,0.0,1.0,0.0,0.0,0.0,0.0
1022,20,7406,5,2006,1199.0,194000.0,0.0,0.0,0.0,1.0,0.0,0.0,0.0,0.0
1023,50,9439,5,1930,912.0,87000.0,0.0,0.0,0.0,1.0,0.0,0.0,0.0,0.0
1024,120,3182,5,2005,1346.0,191000.0,0.0,0.0,0.0,1.0,0.0,0.0,0.0,1.0
1025,20,15498,6,1976,1565.0,287000.0,0.0,0.0,0.0,0.0,0.0,0.0,0.0,0.0
1026,20,7700,5,1972,882.0,112500.0,0.0,0.0,0.0,0.0,0.0,0.0,0.0,0.0
1027,20,9300,5,1960,1268.0,167500.0,0.0,0.0,0.0,1.0,0.0,0.0,0.0,0.0
1028,20,9520,5,2007,1638.0,293077.0,0.0,0.0,0.0,1.0,0.0,0.0,0.0,0.0
1029,50,9492,5,1941,768.0,105000.0,0.0,0.0,0.0,1.0,0.0,0.0,0.0,0.0
1030,160,1680,7,1972,672.0,118000.0,0.0,0.0,0.0,1.0,0.0,0.0,1.0,0.0
1031,190,7082,8,1916,686.0,160000.0,0.0,0.0,0.0,1.0,1.0,0.0,0.0,0.0
1032,75,15863,3,1920,824.0,197000.0,0.0,0.0,0.0,0.0,0.0,0.0,0.0,0.0
1033,60,14541,7,1993,1338.0,310000.0,0.0,0.0,0.0,0.0,0.0,0.0,0.0,0.0
1034,20,8125,5,2002,1654.0,230000.0,0.0,0.0,0.0,1.0,0.0,0.0,0.0,0.0
1035,30,6305,7,1938,920.0,119750.0,0.0,0.0,0.0,1.0,0.0,0.0,0.0,0.0
1036,20,11500,3,1957,0.0,84000.0,1.0,0.0,0.0,0.0,0.0,0.0,0.0,0.0
1037,20,12898,5,2007,1620.0,315500.0,0.0,0.0,0.0,1.0,0.0,0.0,0.0,0.0
1038,60,9240,5,2001,1055.0,287000.0,0.0,0.0,0.0,1.0,0.0,0.0,0.0,0.0
1039,160,1533,6,1970,546.0,97000.0,0.0,0.0,0.0,1.0,0.0,0.0,1.0,0.0
1040,180,1477,4,1970,630.0,80000.0,0.0,0.0,0.0,1.0,0.0,0.0,0.0,1.0
1041,20,13125,4,1957,1134.0,155000.0,0.0,0.0,0.0,0.0,0.0,0.0,0.0,0.0
1042,60,9130,8,1966,800.0,173000.0,0.0,0.0,0.0,1.0,0.0,0.0,0.0,0.0
1043,120,5381,5,2005,1306.0,196000.0,0.0,0.0,0.0,1.0,0.0,0.0,1.0,0.0
1044,60,11839,5,1990,1475.0,262280.0,0.0,0.0,0.0,1.0,0.0,0.0,0.0,0.0
1045,20,9600,5,1981,2524.0,278000.0,0.0,0.0,0.0,1.0,0.0,0.0,0.0,0.0
1046,20,13680,5,1955,0.0,139600.0,1.0,0.0,0.0,0.0,0.0,0.0,0.0,0.0
1047,60,16056,5,2005,1992.0,556581.0,0.0,0.0,0.0,1.0,0.0,0.0,0.0,0.0
1048,20,9245,5,1994,990.0,145000.0,0.0,0.0,0.0,1.0,0.0,0.0,0.0,0.0
1049,20,21750,4,1960,0.0,115000.0,0.0,0.0,0.0,1.0,0.0,0.0,0.0,0.0
1050,20,11100,7,1946,0.0,84900.0,0.0,0.0,0.0,1.0,0.0,0.0,0.0,0.0
1051,20,8993,5,2007,1302.0,176485.0,0.0,0.0,0.0,1.0,0.0,0.0,0.0,0.0
1052,20,11175,5,2007,1316.0,200141.0,0.0,0.0,0.0,0.0,0.0,0.0,0.0,0.0
1053,60,9500,6,1964,816.0,165000.0,0.0,0.0,0.0,0.0,0.0,0.0,0.0,0.0
1054,20,8562,6,1957,1216.0,144500.0,0.0,0.0,0.0,1.0,0.0,0.0,0.0,0.0
1055,60,11367,5,2002,1065.0,255000.0,0.0,0.0,0.0,0.0,0.0,0.0,0.0,0.0
1056,20,11361,5,1976,1193.0,180000.0,0.0,0.0,0.0,1.0,0.0,0.0,0.0,0.0
1057,120,7052,5,2005,1364.0,185850.0,0.0,0.0,0.0,1.0,0.0,0.0,0.0,1.0
1058,60,29959,6,1994,973.0,248000.0,0.0,1.0,0.0,0.0,0.0,0.0,0.0,0.0
1059,60,11308,5,2008,1104.0,335000.0,0.0,0.0,0.0,1.0,0.0,0.0,0.0,0.0
1060,50,11275,7,1932,854.0,220000.0,0.0,0.0,0.0,0.0,0.0,0.0,0.0,0.0
1061,120,4920,5,2001,1338.0,213500.0,0.0,0.0,0.0,1.0,0.0,0.0,0.0,1.0
1062,30,18000,4,1935,894.0,81000.0,0.0,0.0,0.0,1.0,0.0,0.0,0.0,0.0
1063,190,13600,5,1900,662.0,90000.0,0.0,0.0,0.0,1.0,1.0,0.0,0.0,0.0
1064,30,6000,6,1925,1103.0,110500.0,0.0,0.0,0.0,1.0,0.0,0.0,0.0,0.0
1065,20,11000,6,1966,1154.0,154000.0,1.0,0.0,0.0,0.0,0.0,0.0,0.0,0.0
1066,60,14000,5,1996,1306.0,328000.0,0.0,0.0,0.0,1.0,0.0,0.0,0.0,0.0
1067,60,7837,7,1993,799.0,178000.0,0.0,0.0,0.0,1.0,0.0,0.0,0.0,0.0
1068,60,9760,6,1964,780.0,167900.0,0.0,0.0,0.0,1.0,0.0,0.0,0.0,0.0
1069,160,3964,4,1973,942.0,151400.0,0.0,0.0,0.0,1.0,0.0,0.0,0.0,1.0
1070,45,9600,7,1949,845.0,135000.0,0.0,0.0,0.0,1.0,0.0,0.0,0.0,0.0
1071,20,10152,5,1956,1048.0,135000.0,0.0,0.0,0.0,1.0,0.0,0.0,0.0,0.0
1072,60,11700,6,1968,727.0,154000.0,0.0,0.0,0.0,1.0,0.0,0.0,0.0,0.0
1073,50,7585,3,1948,810.0,91500.0,0.0,0.0,0.0,1.0,0.0,0.0,0.0,0.0
1074,60,7950,6,1977,690.0,159500.0,0.0,0.0,0.0,0.0,0.0,0.0,0.0,0.0
1075,20,8556,5,2006,1240.0,194000.0,0.0,0.0,0.0,1.0,0.0,0.0,0.0,0.0
1076,70,13125,6,1940,800.0,219500.0,0.0,0.0,0.0,1.0,0.0,0.0,0.0,0.0
1077,50,10800,8,1936,796.0,170000.0,0.0,0.0,0.0,1.0,0.0,0.0,0.0,0.0
1078,20,15870,5,1969,1096.0,138800.0,0.0,0.0,0.0,0.0,0.0,0.0,0.0,0.0
1079,120,4435,5,2004,848.0,155900.0,0.0,0.0,0.0,1.0,0.0,0.0,0.0,1.0
1080,20,8775,5,1994,990.0,126000.0,0.0,0.0,0.0,1.0,0.0,0.0,0.0,0.0
1081,20,11040,7,1971,1258.0,145000.0,0.0,0.0,0.0,1.0,0.0,0.0,0.0,0.0
1082,20,7500,5,1963,1040.0,133000.0,0.0,0.0,0.0,0.0,0.0,0.0,0.0,0.0
1083,20,8749,5,2002,1459.0,192000.0,0.0,0.0,0.0,1.0,0.0,0.0,0.0,0.0
1084,20,8800,6,1964,1251.0,160000.0,0.0,0.0,0.0,1.0,0.0,0.0,0.0,0.0
1085,60,13031,5,1995,691.0,187500.0,0.0,0.0,0.0,0.0,0.0,0.0,0.0,0.0
1086,85,9069,6,1992,936.0,147000.0,0.0,0.0,0.0,1.0,0.0,0.0,0.0,0.0
1087,160,1974,5,1973,546.0,83500.0,0.0,0.0,0.0,1.0,0.0,0.0,0.0,1.0
1088,60,10574,5,2005,1082.0,252000.0,0.0,0.0,0.0,1.0,0.0,0.0,0.0,0.0
1089,160,2522,5,2004,970.0,137500.0,0.0,0.0,0.0,1.0,0.0,0.0,1.0,0.0
1090,120,3316,5,2005,1247.0,197000.0,0.0,0.0,0.0,1.0,0.0,0.0,0.0,1.0
1091,90,8544,4,1950,0.0,92900.0,0.0,0.0,0.0,0.0,0.0,1.0,0.0,0.0
1092,160,2160,5,1999,600.0,160000.0,0.0,0.0,0.0,1.0,0.0,0.0,1.0,0.0
1093,50,8400,5,1925,1181.0,136500.0,0.0,0.0,0.0,1.0,0.0,0.0,0.0,0.0
1094,20,9230,8,1965,864.0,146000.0,0.0,0.0,0.0,0.0,0.0,0.0,0.0,0.0
1095,20,5868,7,1956,936.0,129000.0,0.0,0.0,0.0,1.0,0.0,0.0,0.0,0.0
1096,20,9317,5,2006,1314.0,176432.0,0.0,0.0,0.0,1.0,0.0,0.0,0.0,0.0
1097,70,6882,7,1914,684.0,127000.0,0.0,0.0,0.0,1.0,0.0,0.0,0.0,0.0
1098,120,3696,5,1986,1074.0,170000.0,0.0,0.0,0.0,1.0,0.0,0.0,0.0,1.0
1099,50,6000,6,1936,672.0,128000.0,0.0,0.0,0.0,1.0,0.0,0.0,0.0,0.0
1100,20,11880,5,1978,1271.0,157000.0,0.0,0.0,0.0,1.0,0.0,0.0,0.0,0.0
1101,30,8400,5,1920,290.0,60000.0,0.0,0.0,0.0,1.0,0.0,0.0,0.0,0.0
1102,20,9758,5,1971,950.0,119500.0,0.0,0.0,0.0,1.0,0.0,0.0,0.0,0.0
1103,20,7000,7,1960,1010.0,135000.0,0.0,0.0,0.0,1.0,0.0,0.0,0.0,0.0
1104,20,8910,6,1959,655.0,159500.0,0.0,0.0,0.0,0.0,0.0,0.0,0.0,0.0
1105,160,2016,5,1970,630.0,106000.0,0.0,0.0,0.0,1.0,0.0,0.0,0.0,1.0
1106,60,12256,5,1994,1463.0,325000.0,0.0,0.0,0.0,0.0,0.0,0.0,0.0,0.0
1107,20,10357,5,1990,910.0,179900.0,0.0,0.0,0.0,0.0,0.0,0.0,0.0,0.0
1108,60,23257,5,2006,868.0,274725.0,1.0,0.0,0.0,0.0,0.0,0.0,0.0,0.0
1109,60,8063,5,2000,924.0,181000.0,0.0,0.0,0.0,1.0,0.0,0.0,0.0,0.0
1110,20,11362,5,2004,1836.0,280000.0,0.0,0.0,0.0,1.0,0.0,0.0,0.0,0.0
1111,60,8000,5,1995,773.0,188000.0,0.0,0.0,0.0,1.0,0.0,0.0,0.0,0.0
1112,60,10480,6,1976,803.0,205000.0,0.0,0.0,0.0,1.0,0.0,0.0,0.0,0.0
1113,20,7100,7,1957,816.0,129900.0,0.0,0.0,0.0,0.0,0.0,0.0,0.0,0.0
1114,20,8923,7,1953,1008.0,134500.0,0.0,0.0,0.0,1.0,0.0,0.0,0.0,0.0
1115,20,5400,7,1954,833.0,117000.0,0.0,0.0,0.0,1.0,0.0,0.0,0.0,0.0
1116,20,12085,5,2007,1734.0,318000.0,0.0,0.0,0.0,1.0,0.0,0.0,0.0,0.0
1117,80,7750,5,2002,408.0,184100.0,0.0,0.0,0.0,1.0,0.0,0.0,0.0,0.0
1118,20,9764,7,1967,894.0,130000.0,0.0,1.0,0.0,0.0,0.0,0.0,0.0,0.0
1119,80,13825,6,1958,533.0,140000.0,0.0,0.0,0.0,1.0,0.0,0.0,0.0,0.0
1120,20,7560,5,1959,1040.0,133700.0,0.0,0.0,0.0,1.0,0.0,0.0,0.0,0.0
1121,30,8263,5,1920,1012.0,118400.0,0.0,0.0,0.0,1.0,0.0,0.0,0.0,0.0
1122,20,10084,5,2005,1552.0,212900.0,0.0,0.0,0.0,1.0,0.0,0.0,0.0,0.0
1123,20,8926,3,1956,672.0,112000.0,0.0,0.0,0.0,0.0,0.0,0.0,0.0,0.0
1124,20,9405,9,1947,698.0,118000.0,0.0,0.0,0.0,1.0,0.0,0.0,0.0,0.0
1125,80,9125,5,1992,384.0,163900.0,0.0,0.0,0.0,1.0,0.0,0.0,0.0,0.0
1126,20,10434,5,1955,1005.0,115000.0,0.0,0.0,0.0,1.0,0.0,0.0,0.0,0.0
1127,120,3684,5,2007,1373.0,174000.0,0.0,0.0,0.0,1.0,0.0,0.0,0.0,1.0
1128,20,14572,5,2004,1530.0,259000.0,0.0,0.0,0.0,0.0,0.0,0.0,0.0,0.0
1129,60,11796,5,2004,847.0,215000.0,0.0,0.0,0.0,1.0,0.0,0.0,0.0,0.0
1130,90,7200,5,1980,936.0,140000.0,0.0,0.0,0.0,1.0,0.0,1.0,0.0,0.0
1131,50,7804,3,1928,1122.0,135000.0,0.0,0.0,0.0,1.0,0.0,0.0,0.0,0.0
1132,20,10712,5,1991,974.0,93500.0,0.0,0.0,0.0,1.0,0.0,0.0,0.0,0.0
1133,70,9900,4,1880,1008.0,117500.0,0.0,0.0,0.0,1.0,0.0,0.0,0.0,0.0
1134,60,9828,5,1995,1128.0,239500.0,0.0,0.0,0.0,1.0,0.0,0.0,0.0,0.0
1135,60,8773,5,1997,916.0,169000.0,0.0,0.0,0.0,1.0,0.0,0.0,0.0,0.0
1136,30,6180,5,1926,960.0,102000.0,0.0,0.0,0.0,0.0,0.0,0.0,0.0,0.0
1137,50,9600,5,1950,1032.0,119000.0,0.0,0.0,0.0,1.0,0.0,0.0,0.0,0.0
1138,50,6342,8,1875,780.0,94000.0,0.0,0.0,0.0,1.0,0.0,0.0,0.0,0.0
1139,20,9819,5,1977,1567.0,196000.0,0.0,0.0,0.0,1.0,0.0,0.0,0.0,0.0
1140,30,8731,5,1920,915.0,144000.0,0.0,0.0,0.0,1.0,0.0,0.0,0.0,0.0
1141,20,7350,7,1951,952.0,139000.0,0.0,0.0,0.0,0.0,0.0,0.0,0.0,0.0
1142,60,10304,7,1976,780.0,197500.0,1.0,0.0,0.0,0.0,0.0,0.0,0.0,0.0
1143,60,9965,5,2006,1466.0,424870.0,0.0,0.0,0.0,1.0,0.0,0.0,0.0,0.0
1144,20,9000,3,1959,1006.0,80000.0,0.0,0.0,0.0,1.0,0.0,0.0,0.0,0.0
1145,190,12180,4,1941,672.0,80000.0,0.0,0.0,0.0,1.0,1.0,0.0,0.0,0.0
1146,50,6240,6,1928,1042.0,149000.0,0.0,0.0,0.0,1.0,0.0,0.0,0.0,0.0
1147,20,11200,5,1985,1298.0,180000.0,0.0,0.0,0.0,1.0,0.0,0.0,0.0,0.0
1148,70,12000,7,1941,704.0,174500.0,0.0,0.0,0.0,1.0,0.0,0.0,0.0,0.0
1149,50,5700,7,1926,572.0,116900.0,0.0,0.0,0.0,1.0,0.0,0.0,0.0,0.0
1150,70,9000,9,1920,650.0,143000.0,0.0,0.0,0.0,1.0,0.0,0.0,0.0,0.0
1151,20,8280,5,1950,932.0,124000.0,0.0,0.0,0.0,1.0,0.0,0.0,0.0,0.0
1152,20,17755,4,1959,1466.0,149900.0,0.0,0.0,0.0,1.0,0.0,0.0,0.0,0.0
1153,20,14115,7,1956,1073.0,230000.0,0.0,0.0,0.0,1.0,0.0,0.0,0.0,0.0
1154,30,5890,8,1930,816.0,120500.0,0.0,0.0,0.0,0.0,0.0,0.0,0.0,0.0
1155,60,13700,6,1965,864.0,201800.0,0.0,0.0,0.0,1.0,0.0,0.0,0.0,0.0
1156,20,10768,8,1976,1437.0,218000.0,0.0,0.0,0.0,0.0,0.0,0.0,0.0,0.0
1157,80,9350,8,1965,1219.0,179900.0,0.0,0.0,0.0,1.0,0.0,0.0,0.0,0.0
1158,120,5001,5,2007,1314.0,230000.0,0.0,0.0,0.0,1.0,0.0,0.0,1.0,0.0
1159,20,11932,5,2007,1580.0,235128.0,0.0,1.0,0.0,0.0,0.0,0.0,0.0,0.0
1160,60,9120,6,1974,901.0,185000.0,0.0,0.0,0.0,1.0,0.0,0.0,0.0,0.0
1161,160,2280,5,1978,855.0,146000.0,0.0,0.0,0.0,1.0,0.0,0.0,1.0,0.0
1162,20,14778,7,1954,1296.0,224000.0,1.0,0.0,0.0,0.0,0.0,0.0,0.0,0.0
1163,20,8724,5,1968,894.0,129000.0,0.0,0.0,0.0,1.0,0.0,0.0,0.0,0.0
1164,90,12900,4,1969,1198.0,108959.0,0.0,0.0,0.0,1.0,0.0,1.0,0.0,0.0
1165,80,16157,7,1978,1360.0,194000.0,0.0,1.0,0.0,0.0,0.0,0.0,0.0,0.0
1166,20,9541,5,2009,1502.0,233170.0,0.0,0.0,0.0,1.0,0.0,0.0,0.0,0.0
1167,20,10475,5,2008,1694.0,245350.0,0.0,0.0,0.0,0.0,0.0,0.0,0.0,0.0
1168,60,10852,5,2000,959.0,173000.0,0.0,0.0,0.0,1.0,0.0,0.0,0.0,0.0
1169,70,13728,7,1935,1127.0,235000.0,0.0,0.0,0.0,0.0,0.0,0.0,0.0,0.0
1170,60,35760,5,1995,1930.0,625000.0,1.0,0.0,0.0,0.0,0.0,0.0,0.0,0.0
1171,80,9880,6,1977,1096.0,171000.0,0.0,0.0,0.0,1.0,0.0,0.0,0.0,0.0
1172,20,9120,6,1958,1261.0,163000.0,0.0,0.0,0.0,1.0,0.0,0.0,0.0,0.0
1173,160,4017,5,2006,625.0,171900.0,0.0,0.0,0.0,1.0,0.0,0.0,0.0,1.0
1174,50,18030,6,1946,1598.0,200500.0,0.0,0.0,0.0,1.0,0.0,0.0,0.0,0.0
1175,70,16560,8,1932,952.0,239000.0,0.0,0.0,0.0,1.0,0.0,0.0,0.0,0.0
1176,50,10678,5,1992,1683.0,285000.0,0.0,0.0,0.0,1.0,0.0,0.0,0.0,0.0
1177,20,6951,5,1984,876.0,119500.0,1.0,0.0,0.0,0.0,0.0,0.0,0.0,0.0
1178,50,3950,8,1926,818.0,115000.0,0.0,0.0,0.0,1.0,0.0,0.0,0.0,0.0
1179,50,7681,6,1921,731.0,154900.0,0.0,1.0,0.0,0.0,0.0,0.0,0.0,0.0
1180,20,8335,5,1954,0.0,93000.0,0.0,0.0,0.0,0.0,0.0,0.0,0.0,0.0
1181,60,11170,5,1990,1216.0,250000.0,0.0,0.0,0.0,0.0,0.0,0.0,0.0,0.0
1182,120,5587,5,2008,1600.0,392500.0,0.0,0.0,0.0,1.0,0.0,0.0,0.0,1.0
1183,60,15623,5,1996,2396.0,745000.0,0.0,0.0,0.0,0.0,0.0,0.0,0.0,0.0
1184,30,10800,6,1920,1120.0,120000.0,0.0,0.0,0.0,1.0,0.0,0.0,0.0,0.0
1185,20,35133,4,1963,1572.0,186700.0,0.0,0.0,0.0,1.0,0.0,0.0,0.0,0.0
1186,50,9738,7,1924,784.0,104900.0,0.0,0.0,0.0,1.0,0.0,0.0,0.0,0.0
1187,190,10615,5,1900,978.0,95000.0,0.0,0.0,0.0,0.0,1.0,0.0,0.0,0.0
1188,20,12461,5,1994,1624.0,262000.0,0.0,0.0,0.0,0.0,0.0,0.0,0.0,0.0
1189,60,8935,5,2002,831.0,195000.0,0.0,0.0,0.0,1.0,0.0,0.0,0.0,0.0
1190,60,7500,5,1999,994.0,189000.0,0.0,0.0,0.0,1.0,0.0,0.0,0.0,0.0
1191,190,32463,4,1961,1249.0,168000.0,0.0,0.0,0.0,1.0,1.0,0.0,0.0,0.0
1192,160,2645,5,1999,776.0,174000.0,0.0,0.0,0.0,1.0,0.0,0.0,1.0,0.0
1193,50,9600,8,1925,702.0,125000.0,0.0,0.0,0.0,1.0,0.0,0.0,0.0,0.0
1194,120,4500,5,1999,1224.0,165000.0,0.0,1.0,0.0,0.0,0.0,0.0,0.0,1.0
1195,60,9364,7,1969,663.0,158000.0,0.0,0.0,0.0,0.0,0.0,0.0,0.0,0.0
1196,60,8029,5,2005,728.0,176000.0,0.0,0.0,0.0,1.0,0.0,0.0,0.0,0.0
1197,60,14054,5,2006,879.0,219210.0,0.0,0.0,0.0,1.0,0.0,0.0,0.0,0.0
1198,75,8850,6,1916,815.0,144000.0,0.0,0.0,0.0,0.0,0.0,0.0,0.0,0.0
1199,20,9100,5,2001,1212.0,178000.0,0.0,0.0,0.0,1.0,0.0,0.0,0.0,0.0
1200,20,11235,5,1963,1051.0,148000.0,0.0,0.0,0.0,1.0,0.0,0.0,0.0,0.0
1201,20,9353,5,1970,864.0,116050.0,0.0,0.0,0.0,1.0,0.0,0.0,0.0,0.0
1202,60,10400,5,1998,866.0,197900.0,0.0,0.0,0.0,0.0,0.0,0.0,0.0,0.0
1203,50,6000,8,1925,884.0,117000.0,0.0,0.0,0.0,0.0,0.0,0.0,0.0,0.0
1204,20,9750,5,2000,1630.0,213000.0,0.0,0.0,0.0,1.0,0.0,0.0,0.0,0.0
1205,20,10140,6,1975,1056.0,153500.0,0.0,0.0,0.0,1.0,0.0,0.0,0.0,0.0
1206,20,14684,7,1990,2158.0,271900.0,1.0,0.0,0.0,0.0,0.0,0.0,0.0,0.0
1207,20,8900,4,1966,1056.0,107000.0,0.0,0.0,0.0,1.0,0.0,0.0,0.0,0.0
1208,20,9135,5,2003,1682.0,200000.0,0.0,0.0,0.0,1.0,0.0,0.0,0.0,0.0
1209,20,7763,7,1962,931.0,140000.0,0.0,0.0,0.0,1.0,0.0,0.0,0.0,0.0
1210,20,10182,5,2006,1660.0,290000.0,1.0,0.0,0.0,0.0,0.0,0.0,0.0,0.0
1211,60,11218,5,1992,1055.0,189000.0,0.0,0.0,0.0,1.0,0.0,0.0,0.0,0.0
1212,50,12134,7,1988,559.0,164000.0,0.0,0.0,0.0,1.0,0.0,0.0,0.0,0.0
1213,30,9340,6,1941,672.0,113000.0,0.0,0.0,0.0,1.0,0.0,0.0,0.0,0.0
1214,80,10246,9,1965,648.0,145000.0,1.0,0.0,0.0,0.0,0.0,0.0,0.0,0.0
1215,85,10205,5,1962,925.0,134500.0,0.0,0.0,0.0,1.0,0.0,0.0,0.0,0.0
1216,20,7094,5,1966,894.0,125000.0,0.0,0.0,0.0,1.0,0.0,0.0,0.0,0.0
1217,90,8930,5,1978,0.0,112000.0,0.0,0.0,0.0,1.0,0.0,1.0,0.0,0.0
1218,20,8640,5,2009,1300.0,229456.0,0.0,0.0,0.0,1.0,0.0,0.0,0.0,0.0
1219,50,6240,5,1947,0.0,80500.0,0.0,0.0,0.0,1.0,0.0,0.0,0.0,0.0
1220,160,1680,5,1971,672.0,91500.0,0.0,0.0,0.0,1.0,0.0,0.0,1.0,0.0
1221,20,7800,5,1964,912.0,115000.0,0.0,0.0,0.0,1.0,0.0,0.0,0.0,0.0
1222,20,8250,5,1968,952.0,134000.0,0.0,0.0,0.0,1.0,0.0,0.0,0.0,0.0
1223,50,10496,6,1949,1040.0,143000.0,0.0,0.0,0.0,1.0,0.0,0.0,0.0,0.0
1224,20,10680,3,1951,2136.0,137900.0,0.0,0.0,0.0,1.0,0.0,0.0,0.0,0.0
1225,60,15384,5,2004,788.0,184000.0,0.0,0.0,0.0,1.0,0.0,0.0,0.0,0.0
1226,80,10482,8,1958,588.0,145000.0,0.0,0.0,0.0,1.0,0.0,0.0,0.0,0.0
1227,60,14598,5,2007,894.0,214000.0,1.0,0.0,0.0,0.0,0.0,0.0,0.0,0.0
1228,20,8872,8,1965,912.0,147000.0,0.0,0.0,0.0,0.0,0.0,0.0,0.0,0.0
1229,120,8769,5,2008,1702.0,367294.0,0.0,0.0,0.0,0.0,0.0,0.0,0.0,1.0
1230,80,7910,5,1960,1075.0,127000.0,0.0,0.0,0.0,1.0,0.0,0.0,0.0,0.0
1231,90,18890,5,1977,1361.0,190000.0,0.0,0.0,0.0,1.0,0.0,1.0,0.0,0.0
1232,90,7728,6,1962,1106.0,132500.0,0.0,0.0,0.0,1.0,0.0,1.0,0.0,0.0
1233,90,9842,5,1962,0.0,101800.0,0.0,1.0,0.0,0.0,0.0,1.0,0.0,0.0
1234,20,12160,5,1959,1188.0,142000.0,0.0,0.0,0.0,1.0,0.0,0.0,0.0,0.0
1235,70,8525,6,1911,940.0,130000.0,0.0,0.0,0.0,1.0,0.0,0.0,0.0,0.0
1236,70,13132,5,1914,747.0,138887.0,0.0,0.0,0.0,1.0,0.0,0.0,0.0,0.0
1237,160,2628,5,2003,764.0,175500.0,0.0,0.0,0.0,1.0,0.0,0.0,1.0,0.0
1238,60,12393,5,2004,847.0,195000.0,0.0,1.0,0.0,0.0,0.0,0.0,0.0,0.0
1239,20,13072,5,2005,1141.0,142500.0,0.0,0.0,0.0,1.0,0.0,0.0,0.0,0.0
1240,20,9037,5,2006,1476.0,265900.0,0.0,0.0,0.0,1.0,0.0,0.0,0.0,0.0
1241,60,8158,5,2003,884.0,224900.0,0.0,0.0,0.0,1.0,0.0,0.0,0.0,0.0
1242,20,9849,6,2007,1689.0,248328.0,0.0,0.0,0.0,1.0,0.0,0.0,0.0,0.0
1243,85,10625,6,1974,1053.0,170000.0,0.0,0.0,0.0,1.0,0.0,0.0,0.0,0.0
1244,20,13891,5,2006,2076.0,465000.0,0.0,0.0,0.0,1.0,0.0,0.0,0.0,0.0
1245,70,11435,7,1929,792.0,230000.0,0.0,0.0,0.0,0.0,0.0,0.0,0.0,0.0
1246,80,12090,7,1984,585.0,178000.0,0.0,0.0,0.0,1.0,0.0,0.0,0.0,0.0
1247,60,8125,5,2005,756.0,186500.0,0.0,0.0,0.0,1.0,0.0,0.0,0.0,0.0
1248,80,12328,5,1976,1012.0,169900.0,0.0,0.0,0.0,1.0,0.0,0.0,0.0,0.0
1249,75,9600,5,1917,735.0,129500.0,0.0,0.0,0.0,1.0,0.0,0.0,0.0,0.0
1250,20,7200,7,1950,876.0,119000.0,0.0,0.0,0.0,1.0,0.0,0.0,0.0,0.0
1251,20,11160,5,1968,2110.0,244000.0,0.0,0.0,0.0,0.0,0.0,0.0,0.0,0.0
1252,120,3136,5,2003,1405.0,171750.0,0.0,0.0,0.0,0.0,0.0,0.0,0.0,1.0
1253,20,9858,6,1968,864.0,130000.0,0.0,0.0,0.0,1.0,0.0,0.0,0.0,0.0
1254,60,17542,7,1974,1192.0,294000.0,0.0,0.0,0.0,1.0,0.0,0.0,0.0,0.0
1255,60,6931,5,2003,746.0,165400.0,0.0,0.0,0.0,1.0,0.0,0.0,0.0,0.0
1256,50,6240,6,1931,884.0,127500.0,0.0,0.0,0.0,1.0,0.0,0.0,0.0,0.0
1257,20,14303,5,1994,1986.0,301500.0,0.0,0.0,0.0,0.0,0.0,0.0,0.0,0.0
1258,30,4060,8,1922,864.0,99900.0,0.0,0.0,0.0,0.0,0.0,0.0,0.0,0.0
1259,80,9587,5,2005,856.0,190000.0,0.0,0.0,0.0,1.0,0.0,0.0,0.0,0.0
1260,20,9750,8,1969,1054.0,151000.0,0.0,1.0,0.0,0.0,0.0,0.0,0.0,0.0
1261,60,24682,5,1999,841.0,181000.0,1.0,0.0,0.0,0.0,0.0,0.0,0.0,0.0
1262,20,9600,6,1956,1050.0,128900.0,0.0,0.0,0.0,1.0,0.0,0.0,0.0,0.0
1263,50,11250,5,1957,1104.0,161500.0,0.0,0.0,0.0,1.0,0.0,0.0,0.0,0.0
1264,70,13515,6,1919,764.0,180500.0,0.0,0.0,0.0,1.0,0.0,0.0,0.0,0.0
1265,120,4060,5,1998,1405.0,181000.0,0.0,0.0,0.0,1.0,0.0,0.0,0.0,1.0
1266,160,3735,5,1999,691.0,183900.0,0.0,0.0,1.0,0.0,0.0,0.0,0.0,1.0
1267,190,10120,4,1910,925.0,122000.0,0.0,0.0,0.0,1.0,1.0,0.0,0.0,0.0
1268,20,13214,5,2008,2002.0,378500.0,0.0,0.0,0.0,1.0,0.0,0.0,0.0,0.0
1269,50,14100,9,1935,728.0,381000.0,0.0,0.0,0.0,1.0,0.0,0.0,0.0,0.0
1270,50,11344,5,1958,874.0,144000.0,0.0,0.0,0.0,1.0,0.0,0.0,0.0,0.0
1271,40,23595,6,1979,1332.0,260000.0,0.0,0.0,0.0,1.0,0.0,0.0,0.0,0.0
1272,20,9156,7,1968,1489.0,185750.0,0.0,0.0,0.0,1.0,0.0,0.0,0.0,0.0
1273,20,13526,6,1965,935.0,137000.0,1.0,0.0,0.0,0.0,0.0,0.0,0.0,0.0
1274,80,11512,7,1959,1019.0,177000.0,0.0,0.0,0.0,0.0,0.0,0.0,0.0,0.0
1275,50,5362,6,1910,661.0,139000.0,0.0,0.0,0.0,0.0,0.0,0.0,0.0,0.0
1276,90,11345,5,1948,928.0,137000.0,0.0,0.0,0.0,0.0,0.0,1.0,0.0,0.0
1277,60,12936,6,1972,723.0,162000.0,1.0,0.0,0.0,0.0,0.0,0.0,0.0,0.0
1278,80,17871,5,1967,1680.0,197900.0,1.0,0.0,0.0,0.0,0.0,0.0,0.0,0.0
1279,60,9473,5,2002,1128.0,237000.0,0.0,0.0,0.0,1.0,0.0,0.0,0.0,0.0
1280,50,7500,4,1920,698.0,68400.0,0.0,0.0,0.0,1.0,0.0,0.0,0.0,0.0
1281,20,9808,5,2002,1573.0,227000.0,0.0,0.0,0.0,1.0,0.0,0.0,0.0,0.0
1282,20,8049,5,1990,1309.0,180000.0,1.0,0.0,0.0,0.0,0.0,0.0,0.0,0.0
1283,20,8800,7,1977,1040.0,150500.0,0.0,0.0,0.0,1.0,0.0,0.0,0.0,0.0
1284,90,9400,5,1971,912.0,139000.0,0.0,0.0,0.0,0.0,0.0,1.0,0.0,0.0
1285,50,9638,7,1919,804.0,169000.0,0.0,0.0,0.0,1.0,0.0,0.0,0.0,0.0
1286,50,6000,6,1939,780.0,132500.0,0.0,0.0,0.0,1.0,0.0,0.0,0.0,0.0
1287,20,9790,5,1963,1328.0,143000.0,0.0,0.0,0.0,1.0,0.0,0.0,0.0,0.0
1288,20,36500,5,1964,1624.0,190000.0,0.0,0.0,0.0,1.0,0.0,0.0,0.0,0.0
1289,120,5664,5,2000,1501.0,278000.0,0.0,0.0,0.0,1.0,0.0,0.0,0.0,1.0
1290,60,11065,5,2006,1085.0,281000.0,0.0,0.0,0.0,1.0,0.0,0.0,0.0,0.0
1291,80,14112,7,1964,1152.0,180500.0,0.0,0.0,0.0,0.0,0.0,0.0,0.0,0.0
1292,160,1680,7,1972,630.0,119500.0,0.0,0.0,0.0,1.0,0.0,0.0,1.0,0.0
1293,70,6600,4,1892,994.0,107500.0,0.0,0.0,0.0,0.0,0.0,0.0,0.0,0.0
1294,60,10140,5,1976,832.0,162900.0,0.0,0.0,0.0,1.0,0.0,0.0,0.0,0.0
1295,20,8172,7,1955,864.0,115000.0,0.0,0.0,0.0,1.0,0.0,0.0,0.0,0.0
1296,20,8400,5,1968,1052.0,138500.0,0.0,0.0,0.0,1.0,0.0,0.0,0.0,0.0
1297,20,8700,6,1963,1120.0,155000.0,0.0,0.0,0.0,1.0,0.0,0.0,0.0,0.0
1298,180,3675,5,2005,547.0,140000.0,0.0,0.0,0.0,1.0,0.0,0.0,0.0,1.0
1299,60,63887,5,2008,6110.0,160000.0,0.0,0.0,0.0,0.0,0.0,0.0,0.0,0.0
1300,20,7500,7,1959,1246.0,154000.0,0.0,0.0,0.0,1.0,0.0,0.0,0.0,0.0
1301,60,10762,5,1999,978.0,225000.0,1.0,0.0,0.0,0.0,0.0,0.0,0.0,0.0
1302,70,7500,7,1942,771.0,177500.0,0.0,0.0,0.0,1.0,0.0,0.0,0.0,0.0
1303,60,10120,5,1994,1165.0,290000.0,0.0,0.0,0.0,1.0,0.0,0.0,0.0,0.0
1304,20,8688,5,2005,1616.0,232000.0,0.0,0.0,0.0,1.0,0.0,0.0,0.0,0.0
1305,160,3363,5,2004,976.0,130000.0,0.0,0.0,0.0,1.0,0.0,0.0,0.0,1.0
1306,20,13173,5,2006,1652.0,325000.0,0.0,0.0,0.0,0.0,0.0,0.0,0.0,0.0
1307,120,6955,5,2005,1368.0,202500.0,0.0,0.0,0.0,1.0,0.0,0.0,0.0,1.0
1308,20,8072,5,1994,990.0,138000.0,0.0,0.0,0.0,1.0,0.0,0.0,0.0,0.0
1309,20,12000,7,1948,924.0,147000.0,0.0,0.0,0.0,1.0,0.0,0.0,0.0,0.0
1310,20,7153,5,1991,1278.0,179200.0,0.0,0.0,0.0,1.0,0.0,0.0,0.0,0.0
1311,20,17500,8,1959,1902.0,335000.0,0.0,0.0,0.0,1.0,0.0,0.0,0.0,0.0
1312,20,8814,5,2005,1274.0,203000.0,0.0,0.0,0.0,1.0,0.0,0.0,0.0,0.0
1313,60,9572,5,1990,1453.0,302000.0,0.0,0.0,0.0,1.0,0.0,0.0,0.0,0.0
1314,60,14774,5,1999,1393.0,333168.0,0.0,0.0,0.0,0.0,0.0,0.0,0.0,0.0
1315,20,8190,6,1954,948.0,119000.0,0.0,0.0,0.0,1.0,0.0,0.0,0.0,0.0
1316,60,11075,5,1969,952.0,206900.0,0.0,0.0,0.0,1.0,0.0,0.0,0.0,0.0
1317,20,10226,5,2008,1622.0,295493.0,0.0,0.0,0.0,1.0,0.0,0.0,0.0,0.0
1318,120,4230,5,2006,1352.0,208900.0,0.0,0.0,0.0,0.0,0.0,0.0,0.0,1.0
1319,20,14781,5,2001,1753.0,275000.0,1.0,0.0,0.0,0.0,0.0,0.0,0.0,0.0
1320,20,10215,5,1954,864.0,111000.0,0.0,0.0,0.0,1.0,0.0,0.0,0.0,0.0
1321,20,8400,3,1957,1478.0,156500.0,0.0,0.0,0.0,1.0,0.0,0.0,0.0,0.0
1322,20,6627,6,1949,0.0,72500.0,0.0,0.0,0.0,0.0,0.0,0.0,0.0,0.0
1323,60,10186,5,1992,750.0,190000.0,0.0,0.0,0.0,1.0,0.0,0.0,0.0,0.0
1324,30,5330,7,1940,420.0,82500.0,0.0,0.0,0.0,1.0,0.0,0.0,0.0,0.0
1325,20,9986,5,2006,1795.0,147000.0,0.0,0.0,0.0,1.0,0.0,0.0,0.0,0.0
1326,30,3636,4,1922,796.0,55000.0,0.0,0.0,0.0,1.0,0.0,0.0,0.0,0.0
1327,30,4270,6,1931,544.0,79000.0,0.0,0.0,0.0,1.0,0.0,0.0,0.0,0.0
1328,20,6600,9,1982,816.0,130500.0,0.0,0.0,0.0,1.0,0.0,0.0,0.0,0.0
1329,50,10440,7,1920,1510.0,256000.0,0.0,0.0,0.0,0.0,0.0,0.0,0.0,0.0
1330,60,9084,5,1998,935.0,176500.0,0.0,0.0,0.0,1.0,0.0,0.0,0.0,0.0
1331,20,10000,5,2006,1588.0,227000.0,0.0,0.0,0.0,1.0,0.0,0.0,0.0,0.0
1332,80,10780,5,1976,911.0,132500.0,0.0,0.0,0.0,1.0,0.0,0.0,0.0,0.0
1333,20,8877,6,1938,816.0,100000.0,0.0,0.0,0.0,1.0,0.0,0.0,0.0,0.0
1334,50,7200,6,1938,803.0,125500.0,0.0,0.0,0.0,0.0,0.0,0.0,0.0,0.0
1335,160,2368,6,1970,765.0,125000.0,0.0,0.0,0.0,1.0,0.0,0.0,0.0,1.0
1336,20,9650,5,1977,1350.0,167900.0,0.0,0.0,0.0,1.0,0.0,0.0,0.0,0.0
1337,90,9246,5,1973,1656.0,135000.0,0.0,0.0,0.0,1.0,0.0,1.0,0.0,0.0
1338,30,4118,4,1941,693.0,52500.0,0.0,0.0,0.0,0.0,0.0,0.0,0.0,0.0
1339,60,13450,5,2002,916.0,200000.0,0.0,0.0,0.0,0.0,0.0,0.0,0.0,0.0
1340,20,9560,7,1972,864.0,128500.0,0.0,0.0,0.0,0.0,0.0,0.0,0.0,0.0
1341,20,8294,5,1971,858.0,123000.0,0.0,0.0,0.0,1.0,0.0,0.0,0.0,0.0
1342,20,13695,5,2003,1114.0,155000.0,0.0,0.0,0.0,1.0,0.0,0.0,0.0,0.0
1343,60,9375,5,2002,1284.0,228500.0,0.0,0.0,0.0,1.0,0.0,0.0,0.0,0.0
1344,50,7558,6,1928,896.0,177000.0,0.0,0.0,0.0,1.0,0.0,0.0,0.0,0.0
1345,60,11103,5,2006,728.0,155835.0,0.0,0.0,0.0,0.0,0.0,0.0,0.0,0.0
1346,30,6000,4,1920,960.0,108500.0,0.0,0.0,0.0,1.0,0.0,0.0,0.0,0.0
1347,20,20781,7,1968,1568.0,262500.0,1.0,0.0,0.0,0.0,0.0,0.0,0.0,0.0
1348,20,15306,5,2006,1732.0,283463.0,0.0,0.0,0.0,0.0,0.0,0.0,0.0,0.0
1349,20,16196,5,1998,1482.0,215000.0,0.0,0.0,0.0,1.0,0.0,0.0,0.0,0.0
1350,70,5250,5,1872,684.0,122000.0,0.0,0.0,0.0,1.0,0.0,0.0,0.0,0.0
1351,90,11643,5,1969,1248.0,200000.0,0.0,0.0,0.0,1.0,0.0,1.0,0.0,0.0
1352,60,9247,6,1962,858.0,171000.0,0.0,0.0,0.0,1.0,0.0,0.0,0.0,0.0
1353,50,6000,9,1937,698.0,134900.0,0.0,0.0,0.0,1.0,0.0,0.0,0.0,0.0
1354,50,14720,5,1995,2033.0,410000.0,1.0,0.0,0.0,0.0,0.0,0.0,0.0,0.0
1355,60,10316,5,2000,992.0,235000.0,0.0,0.0,0.0,1.0,0.0,0.0,0.0,0.0
1356,80,10192,6,1968,570.0,170000.0,0.0,0.0,0.0,1.0,0.0,0.0,0.0,0.0
1357,20,9477,5,1966,864.0,110000.0,0.0,0.0,0.0,0.0,0.0,0.0,0.0,0.0
1358,20,12537,6,1971,1078.0,149900.0,1.0,0.0,0.0,0.0,0.0,0.0,0.0,0.0
1359,160,2117,5,2000,756.0,177500.0,0.0,0.0,0.0,1.0,0.0,0.0,1.0,0.0
1360,20,16737,5,2004,1980.0,315000.0,0.0,0.0,1.0,0.0,0.0,0.0,0.0,0.0
1361,70,9842,6,1921,612.0,189000.0,0.0,0.0,0.0,1.0,0.0,0.0,0.0,0.0
1362,20,16158,5,2005,1530.0,260000.0,0.0,0.0,0.0,1.0,0.0,0.0,0.0,0.0
1363,50,12513,4,1920,715.0,104900.0,0.0,1.0,0.0,0.0,0.0,0.0,0.0,0.0
1364,60,8499,5,2006,616.0,156932.0,0.0,0.0,0.0,1.0,0.0,0.0,0.0,0.0
1365,160,3180,5,2005,600.0,144152.0,0.0,0.0,0.0,1.0,0.0,0.0,0.0,1.0
1366,60,7500,5,2000,814.0,216000.0,0.0,0.0,0.0,1.0,0.0,0.0,0.0,0.0
1367,60,9179,5,1999,873.0,193000.0,0.0,0.0,0.0,1.0,0.0,0.0,0.0,0.0
1368,160,2665,6,1977,757.0,127000.0,0.0,0.0,0.0,1.0,0.0,0.0,0.0,1.0
1369,120,4435,5,2003,848.0,144000.0,0.0,0.0,0.0,1.0,0.0,0.0,0.0,1.0
1370,20,10635,5,2003,1657.0,232000.0,0.0,1.0,0.0,0.0,0.0,0.0,0.0,0.0
1371,50,5400,6,1920,840.0,105000.0,0.0,0.0,0.0,0.0,0.0,0.0,0.0,0.0
1372,80,9600,6,1955,992.0,165500.0,0.0,0.0,0.0,1.0,0.0,0.0,0.0,0.0
1373,60,9750,6,1998,1108.0,274300.0,0.0,0.0,0.0,0.0,0.0,0.0,0.0,0.0
1374,20,11400,5,2001,2633.0,466500.0,0.0,0.0,0.0,1.0,0.0,0.0,0.0,0.0
1375,60,10625,5,2005,1026.0,250000.0,0.0,0.0,0.0,1.0,0.0,0.0,0.0,0.0
1376,20,10991,5,2007,1571.0,239000.0,0.0,0.0,0.0,1.0,0.0,0.0,0.0,0.0
1377,30,6292,5,1930,768.0,91000.0,0.0,0.0,0.0,1.0,0.0,0.0,0.0,0.0
1378,50,10998,5,1941,984.0,117000.0,0.0,0.0,0.0,1.0,0.0,0.0,0.0,0.0
1379,160,1953,5,1973,483.0,83000.0,0.0,0.0,0.0,1.0,0.0,0.0,1.0,0.0
1380,80,9735,5,2006,384.0,167500.0,0.0,0.0,0.0,1.0,0.0,0.0,0.0,0.0
1381,30,8212,3,1914,864.0,58500.0,0.0,0.0,0.0,1.0,0.0,0.0,0.0,0.0
1382,20,12925,7,1970,1205.0,237500.0,0.0,0.0,0.0,0.0,0.0,0.0,0.0,0.0
1383,70,7200,7,1920,596.0,157000.0,0.0,0.0,0.0,0.0,0.0,0.0,0.0,0.0
1384,30,25339,7,1918,816.0,112000.0,0.0,0.0,0.0,1.0,0.0,0.0,0.0,0.0
1385,50,9060,5,1939,560.0,105000.0,0.0,0.0,0.0,1.0,0.0,0.0,0.0,0.0
1386,50,5436,8,1922,796.0,125500.0,0.0,0.0,0.0,1.0,0.0,0.0,0.0,0.0
1387,60,16692,5,1978,1392.0,250000.0,0.0,0.0,0.0,1.0,0.0,0.0,0.0,0.0
1388,50,8520,7,1916,714.0,136000.0,0.0,0.0,0.0,1.0,0.0,0.0,0.0,0.0
1389,20,14892,5,2006,1746.0,377500.0,1.0,0.0,0.0,0.0,0.0,0.0,0.0,0.0
1390,50,6000,6,1941,735.0,131000.0,0.0,0.0,0.0,1.0,0.0,0.0,0.0,0.0
1391,20,9100,5,2000,1525.0,235000.0,0.0,0.0,0.0,1.0,0.0,0.0,0.0,0.0
1392,90,8944,5,1967,1584.0,124000.0,0.0,0.0,0.0,1.0,0.0,1.0,0.0,0.0
1393,85,7838,5,1967,864.0,123000.0,0.0,0.0,0.0,1.0,0.0,0.0,0.0,0.0
1394,190,10800,7,1905,482.0,163000.0,0.0,0.0,0.0,1.0,1.0,0.0,0.0,0.0
1395,120,4045,5,2006,1356.0,246578.0,0.0,0.0,0.0,1.0,0.0,0.0,0.0,1.0
1396,60,12665,5,2005,1094.0,281213.0,0.0,0.0,0.0,1.0,0.0,0.0,0.0,0.0
1397,20,57200,5,1948,747.0,160000.0,0.0,0.0,0.0,1.0,0.0,0.0,0.0,0.0
1398,70,6120,8,1920,939.0,137500.0,0.0,0.0,0.0,1.0,0.0,0.0,0.0,0.0
1399,50,7200,4,1950,1208.0,138000.0,0.0,0.0,0.0,1.0,0.0,0.0,0.0,0.0
1400,50,6171,6,1925,976.0,137450.0,0.0,0.0,0.0,1.0,0.0,0.0,0.0,0.0
1401,50,6000,7,1929,862.0,120000.0,0.0,0.0,0.0,0.0,0.0,0.0,0.0,0.0
1402,60,7415,5,2004,839.0,193000.0,0.0,0.0,0.0,1.0,0.0,0.0,0.0,0.0
1403,20,6762,5,2006,1286.0,193879.0,0.0,0.0,0.0,1.0,0.0,0.0,0.0,0.0
1404,20,15256,5,2007,1485.0,282922.0,1.0,0.0,0.0,0.0,0.0,0.0,0.0,0.0
1405,50,10410,4,1915,672.0,105000.0,0.0,0.0,0.0,0.0,0.0,0.0,0.0,0.0
1406,120,3842,5,2004,1594.0,275000.0,0.0,0.0,0.0,1.0,0.0,0.0,0.0,1.0
1407,85,8445,7,1972,768.0,133000.0,0.0,0.0,0.0,0.0,0.0,0.0,0.0,0.0
1408,20,8780,5,1985,833.0,112000.0,0.0,0.0,0.0,0.0,0.0,0.0,0.0,0.0
1409,70,7740,7,1910,622.0,125500.0,0.0,0.0,0.0,1.0,0.0,0.0,0.0,0.0
1410,60,20544,6,1986,791.0,215000.0,1.0,0.0,0.0,0.0,0.0,0.0,0.0,0.0
1411,60,12420,5,2001,944.0,230000.0,0.0,0.0,0.0,1.0,0.0,0.0,0.0,0.0
1412,50,9600,8,1950,856.0,140000.0,0.0,0.0,0.0,1.0,0.0,0.0,0.0,0.0
1413,90,7200,5,1949,0.0,90000.0,0.0,0.0,0.0,1.0,0.0,1.0,0.0,0.0
1414,20,10994,5,2005,1844.0,257000.0,0.0,0.0,0.0,0.0,0.0,0.0,0.0,0.0
1415,50,13053,7,1923,833.0,207000.0,0.0,0.0,0.0,1.0,0.0,0.0,0.0,0.0
1416,120,3635,5,2007,1386.0,175900.0,0.0,0.0,0.0,1.0,0.0,0.0,0.0,1.0
1417,190,11340,6,1885,777.0,122500.0,0.0,0.0,0.0,1.0,1.0,0.0,0.0,0.0
1418,60,16545,5,1998,1284.0,340000.0,0.0,0.0,0.0,1.0,0.0,0.0,0.0,0.0
1419,20,9204,5,1963,1144.0,124000.0,0.0,0.0,0.0,1.0,0.0,0.0,0.0,0.0
1420,20,16381,5,1969,1844.0,223000.0,0.0,0.0,0.0,1.0,0.0,0.0,0.0,0.0
1421,60,11700,6,1968,708.0,179900.0,0.0,0.0,0.0,0.0,0.0,0.0,0.0,0.0
1422,120,4043,5,1977,1069.0,127500.0,0.0,0.0,0.0,1.0,0.0,0.0,0.0,1.0
1423,120,4435,5,2003,848.0,136500.0,0.0,0.0,0.0,1.0,0.0,0.0,0.0,1.0
1424,80,19690,7,1966,697.0,274970.0,1.0,0.0,0.0,0.0,0.0,0.0,0.0,0.0
1425,20,9503,5,1958,1024.0,144000.0,0.0,0.0,0.0,1.0,0.0,0.0,0.0,0.0
1426,20,10721,6,1959,1252.0,142000.0,0.0,0.0,0.0,1.0,0.0,0.0,0.0,0.0
1427,60,10944,5,1994,1223.0,271000.0,0.0,0.0,0.0,1.0,0.0,0.0,0.0,0.0
1428,50,10930,6,1945,913.0,140000.0,0.0,0.0,0.0,1.0,0.0,0.0,0.0,0.0
1429,30,7200,7,1940,788.0,119000.0,0.0,0.0,0.0,0.0,0.0,0.0,0.0,0.0
1430,20,12546,7,1981,1440.0,182900.0,0.0,0.0,0.0,0.0,0.0,0.0,0.0,0.0
1431,60,21930,5,2005,732.0,192140.0,0.0,0.0,0.0,1.0,0.0,0.0,0.0,0.0
1432,120,4928,6,1976,958.0,143750.0,0.0,0.0,0.0,1.0,0.0,0.0,0.0,1.0
1433,30,10800,6,1927,656.0,64500.0,0.0,0.0,0.0,1.0,0.0,0.0,0.0,0.0
1434,60,10261,5,2000,936.0,186500.0,0.0,0.0,0.0,1.0,0.0,0.0,0.0,0.0
1435,20,17400,5,1977,1126.0,160000.0,0.0,0.0,0.0,1.0,0.0,0.0,0.0,0.0
1436,20,8400,9,1962,1319.0,174000.0,0.0,0.0,0.0,1.0,0.0,0.0,0.0,0.0
1437,20,9000,6,1971,864.0,120500.0,0.0,1.0,0.0,0.0,0.0,0.0,0.0,0.0
1438,20,12444,5,2008,1932.0,394617.0,0.0,1.0,0.0,0.0,0.0,0.0,0.0,0.0
1439,20,7407,7,1957,912.0,149700.0,0.0,0.0,0.0,1.0,0.0,0.0,0.0,0.0
1440,60,11584,6,1979,539.0,197000.0,0.0,0.0,0.0,1.0,0.0,0.0,0.0,0.0
1441,70,11526,7,1922,588.0,191000.0,0.0,0.0,0.0,1.0,0.0,0.0,0.0,0.0
1442,120,4426,5,2004,848.0,149300.0,0.0,0.0,0.0,1.0,0.0,0.0,0.0,1.0
1443,60,11003,5,2008,1017.0,310000.0,0.0,0.0,0.0,1.0,0.0,0.0,0.0,0.0
1444,30,8854,6,1916,952.0,121000.0,0.0,0.0,0.0,1.0,0.0,0.0,0.0,0.0
1445,20,8500,5,2004,1422.0,179600.0,0.0,1.0,0.0,0.0,0.0,0.0,0.0,0.0
1446,85,8400,5,1966,814.0,129000.0,0.0,0.0,0.0,1.0,0.0,0.0,0.0,0.0
1447,20,26142,7,1962,1188.0,157900.0,1.0,0.0,0.0,0.0,0.0,0.0,0.0,0.0
1448,60,10000,5,1995,1220.0,240000.0,0.0,0.0,0.0,1.0,0.0,0.0,0.0,0.0
1449,50,11767,7,1910,560.0,112000.0,0.0,0.0,0.0,1.0,0.0,0.0,0.0,0.0
1450,180,1533,7,1970,630.0,92000.0,0.0,0.0,0.0,1.0,0.0,0.0,1.0,0.0
1451,90,9000,5,1974,896.0,136000.0,0.0,1.0,0.0,0.0,0.0,1.0,0.0,0.0
1452,20,9262,5,2008,1573.0,287090.0,0.0,0.0,0.0,1.0,0.0,0.0,0.0,0.0
1453,180,3675,5,2005,547.0,145000.0,0.0,0.0,0.0,1.0,0.0,0.0,0.0,1.0
1454,20,17217,5,2006,1140.0,84500.0,0.0,0.0,0.0,1.0,0.0,0.0,0.0,0.0
1455,20,7500,5,2004,1221.0,185000.0,0.0,0.0,0.0,1.0,0.0,0.0,0.0,0.0
1456,60,7917,5,1999,953.0,175000.0,0.0,0.0,0.0,1.0,0.0,0.0,0.0,0.0
1457,20,13175,6,1978,1542.0,210000.0,0.0,0.0,0.0,1.0,0.0,0.0,0.0,0.0
1458,70,9042,9,1941,1152.0,266500.0,0.0,0.0,0.0,1.0,0.0,0.0,0.0,0.0
1459,20,9717,6,1950,1078.0,142125.0,0.0,0.0,0.0,1.0,0.0,0.0,0.0,0.0
1460,20,9937,6,1965,1256.0,147500.0,0.0,0.0,0.0,1.0,0.0,0.0,0.0,0.0
